,Sex_female,Age,Pclass2_1ra,Pclass2_2da,Family,Family2_couple,Family2_family,Fare2,Cabin2,Embarked2_C,Embarked2_Q,Embarked2_X
0,0.0,22.0,0.0,0.0,1.0,1.0,0.0,2.1102132003465894,0.0,0.0,0.0,0.0
1,1.0,38.0,1.0,0.0,1.0,1.0,0.0,4.2805931204649,1.0,1.0,0.0,0.0
2,1.0,26.0,0.0,0.0,0.0,0.0,0.0,2.188856327665703,0.0,0.0,0.0,0.0
3,1.0,35.0,1.0,0.0,1.0,1.0,0.0,3.990834185852436,1.0,0.0,0.0,0.0
4,0.0,35.0,0.0,0.0,0.0,0.0,0.0,2.2027647577118348,0.0,0.0,0.0,0.0
5,0.0,26.0,0.0,0.0,0.0,0.0,0.0,2.246892662898172,0.0,0.0,1.0,0.0
6,0.0,54.0,1.0,0.0,0.0,0.0,0.0,3.967694202798607,1.0,0.0,0.0,0.0
7,0.0,2.0,0.0,0.0,4.0,0.0,1.0,3.0944457464900235,0.0,0.0,0.0,0.0
8,1.0,27.0,0.0,0.0,2.0,0.0,1.0,2.495953738718064,0.0,0.0,0.0,0.0
9,1.0,14.0,0.0,1.0,1.0,1.0,0.0,3.436268471383741,0.0,1.0,0.0,0.0
10,1.0,4.0,0.0,0.0,2.0,0.0,1.0,2.8735646395797834,1.0,0.0,0.0,0.0
11,1.0,58.0,1.0,0.0,0.0,0.0,0.0,3.3160025355989236,1.0,0.0,0.0,0.0
12,0.0,20.0,0.0,0.0,0.0,0.0,0.0,2.2027647577118348,0.0,0.0,0.0,0.0
13,0.0,39.0,0.0,0.0,6.0,0.0,1.0,3.4742929367327062,0.0,0.0,0.0,0.0
14,1.0,14.0,0.0,0.0,0.0,0.0,0.0,2.180891922715322,0.0,0.0,0.0,0.0
15,1.0,55.0,0.0,1.0,0.0,0.0,0.0,2.833213344056216,0.0,0.0,0.0,0.0
16,0.0,2.0,0.0,0.0,5.0,0.0,1.0,3.405355391810819,0.0,0.0,1.0,0.0
17,0.0,29.0,0.0,1.0,0.0,0.0,0.0,2.6390573296152584,0.0,0.0,0.0,0.0
18,1.0,31.0,0.0,0.0,1.0,1.0,0.0,2.9444389791664403,0.0,0.0,0.0,0.0
19,1.0,22.0,0.0,0.0,0.0,0.0,0.0,2.1071782966514356,0.0,1.0,0.0,0.0
20,0.0,35.0,0.0,1.0,0.0,0.0,0.0,3.295836866004329,0.0,0.0,0.0,0.0
21,0.0,34.0,0.0,1.0,0.0,0.0,0.0,2.6390573296152584,1.0,0.0,0.0,0.0
22,1.0,15.0,0.0,0.0,0.0,0.0,0.0,2.2004637699272855,0.0,0.0,1.0,0.0
23,0.0,28.0,1.0,0.0,0.0,0.0,0.0,3.597312260588446,1.0,0.0,0.0,0.0
24,1.0,8.0,0.0,0.0,4.0,0.0,1.0,3.0944457464900235,0.0,0.0,0.0,0.0
25,1.0,38.0,0.0,0.0,6.0,0.0,1.0,3.4777725458882283,0.0,0.0,0.0,0.0
26,0.0,30.0,0.0,0.0,0.0,0.0,0.0,2.1071782966514356,0.0,1.0,0.0,0.0
27,0.0,19.0,1.0,0.0,5.0,0.0,1.0,5.575949103146316,1.0,0.0,0.0,0.0
28,1.0,22.0,0.0,0.0,0.0,0.0,0.0,2.1837114628556327,0.0,0.0,1.0,0.0
29,0.0,26.0,0.0,0.0,0.0,0.0,0.0,2.1855792552411137,0.0,0.0,0.0,0.0
30,0.0,40.0,1.0,0.0,0.0,0.0,0.0,3.357621598945279,0.0,1.0,0.0,0.0
31,1.0,35.0,1.0,0.0,1.0,1.0,0.0,4.993969182787072,1.0,1.0,0.0,0.0
32,1.0,22.0,0.0,0.0,0.0,0.0,0.0,2.169053700369523,0.0,0.0,1.0,0.0
33,0.0,66.0,0.0,1.0,0.0,0.0,0.0,2.4423470353692043,0.0,0.0,0.0,0.0
34,0.0,28.0,1.0,0.0,1.0,1.0,0.0,4.420896324687287,0.0,1.0,0.0,0.0
35,0.0,42.0,1.0,0.0,1.0,1.0,0.0,3.970291913552122,0.0,0.0,0.0,0.0
36,0.0,29.0,0.0,0.0,0.0,0.0,0.0,2.1076888046179385,0.0,1.0,0.0,0.0
37,0.0,21.0,0.0,0.0,0.0,0.0,0.0,2.2027647577118348,0.0,0.0,0.0,0.0
38,1.0,18.0,0.0,0.0,2.0,0.0,1.0,2.9444389791664403,0.0,0.0,0.0,0.0
39,1.0,14.0,0.0,0.0,1.0,1.0,0.0,2.5048481563289,0.0,1.0,0.0,0.0
40,1.0,40.0,0.0,0.0,1.0,1.0,0.0,2.348991465808201,0.0,0.0,0.0,0.0
41,1.0,27.0,0.0,1.0,1.0,1.0,0.0,3.091042453358316,0.0,0.0,0.0,0.0
42,0.0,30.0,0.0,0.0,0.0,0.0,0.0,2.1855792552411137,0.0,1.0,0.0,0.0
43,1.0,3.0,0.0,1.0,3.0,0.0,1.0,3.751365871125377,0.0,1.0,0.0,0.0
44,1.0,19.0,0.0,0.0,0.0,0.0,0.0,2.1837114628556327,0.0,0.0,1.0,0.0
45,0.0,26.0,0.0,0.0,0.0,0.0,0.0,2.2027647577118348,0.0,0.0,0.0,0.0
46,0.0,25.5,0.0,0.0,1.0,1.0,0.0,2.803360380906535,0.0,0.0,1.0,0.0
47,1.0,22.0,0.0,0.0,0.0,0.0,0.0,2.169053700369523,0.0,0.0,1.0,0.0
48,0.0,24.0,0.0,0.0,2.0,0.0,1.0,3.121448204868825,0.0,1.0,0.0,0.0
49,1.0,18.0,0.0,0.0,1.0,1.0,0.0,2.933856869835904,0.0,0.0,0.0,0.0
50,0.0,7.0,0.0,0.0,5.0,0.0,1.0,3.705920919968788,0.0,0.0,0.0,0.0
51,0.0,21.0,0.0,0.0,0.0,0.0,0.0,2.174751721484161,0.0,0.0,0.0,0.0
52,1.0,49.0,1.0,0.0,1.0,1.0,0.0,4.353230991152628,1.0,1.0,0.0,0.0
53,1.0,29.0,0.0,1.0,1.0,1.0,0.0,3.295836866004329,0.0,0.0,0.0,0.0
54,0.0,65.0,1.0,0.0,1.0,1.0,0.0,4.142804513146981,1.0,1.0,0.0,0.0
55,0.0,45.25,1.0,0.0,0.0,0.0,0.0,3.597312260588446,1.0,0.0,0.0,0.0
56,1.0,21.0,0.0,1.0,0.0,0.0,0.0,2.4423470353692043,0.0,0.0,0.0,0.0
57,0.0,28.5,0.0,0.0,0.0,0.0,0.0,2.1076888046179385,0.0,1.0,0.0,0.0
58,1.0,5.0,0.0,1.0,3.0,0.0,1.0,3.3586377672433594,0.0,0.0,0.0,0.0
59,0.0,11.0,0.0,0.0,7.0,0.0,1.0,3.8691155044168695,0.0,0.0,0.0,0.0
60,0.0,22.0,0.0,0.0,0.0,0.0,0.0,2.1076888046179385,0.0,1.0,0.0,0.0
61,1.0,38.0,1.0,0.0,0.0,0.0,0.0,4.394449154672439,1.0,0.0,0.0,1.0
62,0.0,45.0,1.0,0.0,1.0,1.0,0.0,4.436455632600354,1.0,0.0,0.0,0.0
63,0.0,4.0,0.0,0.0,5.0,0.0,1.0,3.3638415951183864,0.0,0.0,0.0,0.0
64,0.0,45.25,1.0,0.0,0.0,0.0,0.0,3.357621598945279,0.0,1.0,0.0,0.0
65,0.0,24.0,0.0,0.0,2.0,0.0,1.0,2.7878344138303452,0.0,1.0,0.0,0.0
66,1.0,29.0,0.0,1.0,0.0,0.0,0.0,2.4423470353692043,1.0,0.0,0.0,0.0
67,0.0,19.0,0.0,0.0,0.0,0.0,0.0,2.2146605719425225,0.0,0.0,0.0,0.0
68,1.0,17.0,0.0,0.0,6.0,0.0,1.0,2.188856327665703,0.0,0.0,0.0,0.0
69,0.0,26.0,0.0,0.0,2.0,0.0,1.0,2.2682524139135403,0.0,0.0,0.0,0.0
70,0.0,32.0,0.0,1.0,0.0,0.0,0.0,2.4423470353692043,0.0,0.0,0.0,0.0
71,1.0,16.0,0.0,0.0,7.0,0.0,1.0,3.8691155044168695,0.0,0.0,0.0,0.0
72,0.0,21.0,0.0,1.0,0.0,0.0,0.0,4.310799125385514,0.0,0.0,0.0,0.0
73,0.0,26.0,0.0,0.0,1.0,1.0,0.0,2.737880811060884,0.0,1.0,0.0,0.0
74,0.0,32.0,0.0,0.0,0.0,0.0,0.0,4.05171190165724,0.0,0.0,0.0,0.0
75,0.0,25.0,0.0,0.0,0.0,0.0,0.0,2.157559320943788,1.0,0.0,0.0,0.0
76,0.0,26.0,0.0,0.0,0.0,0.0,0.0,2.1855792552411137,0.0,0.0,0.0,0.0
77,0.0,26.0,0.0,0.0,0.0,0.0,0.0,2.2027647577118348,0.0,0.0,0.0,0.0
78,0.0,24.0,0.0,1.0,2.0,0.0,1.0,3.4011973816621555,0.0,0.0,0.0,0.0
79,1.0,30.0,0.0,0.0,0.0,0.0,0.0,2.600836116795061,0.0,0.0,0.0,0.0
80,0.0,22.0,0.0,0.0,0.0,0.0,0.0,2.302585092994046,0.0,0.0,0.0,0.0
81,0.0,29.0,0.0,0.0,0.0,0.0,0.0,2.3513752571634776,0.0,0.0,0.0,0.0
82,1.0,22.0,0.0,0.0,0.0,0.0,0.0,2.1733302571367834,0.0,0.0,1.0,0.0
83,0.0,28.0,1.0,0.0,0.0,0.0,0.0,3.873282177111715,0.0,0.0,0.0,0.0
84,1.0,17.0,0.0,1.0,0.0,0.0,0.0,2.4423470353692043,0.0,0.0,0.0,0.0
85,1.0,33.0,0.0,0.0,3.0,0.0,1.0,2.8243506567983707,0.0,0.0,0.0,0.0
86,0.0,16.0,0.0,0.0,4.0,0.0,1.0,3.5660053559634015,0.0,0.0,0.0,0.0
87,0.0,26.0,0.0,0.0,0.0,0.0,0.0,2.2027647577118348,0.0,0.0,0.0,0.0
88,1.0,23.0,1.0,0.0,5.0,0.0,1.0,5.575949103146316,1.0,0.0,0.0,0.0
89,0.0,24.0,0.0,0.0,0.0,0.0,0.0,2.2027647577118348,0.0,0.0,0.0,0.0
90,0.0,29.0,0.0,0.0,0.0,0.0,0.0,2.2027647577118348,0.0,0.0,0.0,0.0
91,0.0,20.0,0.0,0.0,0.0,0.0,0.0,2.180891922715322,0.0,0.0,0.0,0.0
92,0.0,46.0,1.0,0.0,1.0,1.0,0.0,4.1299529896894684,1.0,0.0,0.0,0.0
93,0.0,26.0,0.0,0.0,3.0,0.0,1.0,3.0715352369694915,0.0,0.0,0.0,0.0
94,0.0,59.0,0.0,0.0,0.0,0.0,0.0,2.1102132003465894,0.0,0.0,0.0,0.0
95,0.0,26.0,0.0,0.0,0.0,0.0,0.0,2.2027647577118348,0.0,0.0,0.0,0.0
96,0.0,71.0,1.0,0.0,0.0,0.0,0.0,3.57386695198272,1.0,1.0,0.0,0.0
97,0.0,23.0,1.0,0.0,1.0,1.0,0.0,4.164465907853638,1.0,1.0,0.0,0.0
98,1.0,34.0,0.0,1.0,1.0,1.0,0.0,3.1780538303479458,0.0,0.0,0.0,0.0
99,0.0,34.0,0.0,1.0,1.0,1.0,0.0,3.295836866004329,0.0,0.0,0.0,0.0
100,1.0,28.0,0.0,0.0,0.0,0.0,0.0,2.1855792552411137,0.0,0.0,0.0,0.0
101,0.0,26.0,0.0,0.0,0.0,0.0,0.0,2.1855792552411137,0.0,0.0,0.0,0.0
102,0.0,21.0,1.0,0.0,1.0,1.0,0.0,4.360387947851531,1.0,0.0,0.0,0.0
103,0.0,33.0,0.0,0.0,0.0,0.0,0.0,2.267393053825037,0.0,0.0,0.0,0.0
104,0.0,37.0,0.0,0.0,2.0,0.0,1.0,2.188856327665703,0.0,0.0,0.0,0.0
105,0.0,28.0,0.0,0.0,0.0,0.0,0.0,2.1855792552411137,0.0,0.0,0.0,0.0
106,1.0,21.0,0.0,0.0,0.0,0.0,0.0,2.157559320943788,0.0,0.0,0.0,0.0
107,0.0,29.0,0.0,0.0,0.0,0.0,0.0,2.1719067693519296,0.0,0.0,0.0,0.0
108,0.0,38.0,0.0,0.0,0.0,0.0,0.0,2.1855792552411137,0.0,0.0,0.0,0.0
109,1.0,18.0,0.0,0.0,1.0,1.0,0.0,3.224857896545748,0.0,0.0,1.0,0.0
110,0.0,47.0,1.0,0.0,0.0,0.0,0.0,3.970291913552122,1.0,0.0,0.0,0.0
111,1.0,14.5,0.0,0.0,1.0,1.0,0.0,2.737880811060884,0.0,1.0,0.0,0.0
112,0.0,22.0,0.0,0.0,0.0,0.0,0.0,2.2027647577118348,0.0,0.0,0.0,0.0
113,1.0,20.0,0.0,0.0,1.0,1.0,0.0,2.3818582738885534,0.0,0.0,0.0,0.0
114,1.0,17.0,0.0,0.0,0.0,0.0,0.0,2.738146075922933,0.0,1.0,0.0,0.0
115,0.0,21.0,0.0,0.0,0.0,0.0,0.0,2.188856327665703,0.0,0.0,0.0,0.0
116,0.0,70.5,0.0,0.0,0.0,0.0,0.0,2.169053700369523,0.0,0.0,1.0,0.0
117,0.0,29.0,0.0,1.0,1.0,1.0,0.0,3.091042453358316,0.0,0.0,0.0,0.0
118,0.0,24.0,1.0,0.0,1.0,1.0,0.0,5.515526544247129,1.0,1.0,0.0,0.0
119,1.0,2.0,0.0,0.0,6.0,0.0,1.0,3.4742929367327062,0.0,0.0,0.0,0.0
120,0.0,21.0,0.0,1.0,2.0,0.0,1.0,4.310799125385514,0.0,0.0,0.0,0.0
121,0.0,26.0,0.0,0.0,0.0,0.0,0.0,2.2027647577118348,0.0,0.0,0.0,0.0
122,0.0,32.5,0.0,1.0,1.0,1.0,0.0,3.436268471383741,0.0,1.0,0.0,0.0
123,1.0,32.5,0.0,1.0,0.0,0.0,0.0,2.6390573296152584,1.0,0.0,0.0,0.0
124,0.0,54.0,1.0,0.0,1.0,1.0,0.0,4.360387947851531,1.0,0.0,0.0,0.0
125,0.0,12.0,0.0,0.0,1.0,1.0,0.0,2.5048481563289,0.0,1.0,0.0,0.0
126,0.0,26.0,0.0,0.0,0.0,0.0,0.0,2.169053700369523,0.0,0.0,1.0,0.0
127,0.0,24.0,0.0,0.0,0.0,0.0,0.0,2.0969990034181696,0.0,0.0,0.0,0.0
128,1.0,24.0,0.0,0.0,2.0,0.0,1.0,3.1509523813392697,1.0,1.0,0.0,0.0
129,0.0,45.0,0.0,0.0,0.0,0.0,0.0,2.076311648670908,0.0,0.0,0.0,0.0
130,0.0,33.0,0.0,0.0,0.0,0.0,0.0,2.1855792552411137,0.0,1.0,0.0,0.0
131,0.0,20.0,0.0,0.0,0.0,0.0,0.0,2.085672091430472,0.0,0.0,0.0,0.0
132,1.0,47.0,0.0,0.0,1.0,1.0,0.0,2.740840023925201,0.0,0.0,0.0,0.0
133,1.0,29.0,0.0,1.0,1.0,1.0,0.0,3.295836866004329,0.0,0.0,0.0,0.0
134,0.0,25.0,0.0,1.0,0.0,0.0,0.0,2.6390573296152584,0.0,0.0,0.0,0.0
135,0.0,23.0,0.0,1.0,0.0,0.0,0.0,2.775447133088262,0.0,1.0,0.0,0.0
136,1.0,19.0,1.0,0.0,2.0,0.0,1.0,3.3062747934011893,1.0,0.0,0.0,0.0
137,0.0,37.0,1.0,0.0,1.0,1.0,0.0,3.990834185852436,1.0,0.0,0.0,0.0
138,0.0,16.0,0.0,0.0,0.0,0.0,0.0,2.3240236363515288,0.0,0.0,0.0,0.0
139,0.0,24.0,1.0,0.0,0.0,0.0,0.0,4.384523514872469,1.0,1.0,0.0,0.0
140,1.0,24.0,0.0,0.0,2.0,0.0,1.0,2.7878344138303452,0.0,1.0,0.0,0.0
141,1.0,22.0,0.0,0.0,0.0,0.0,0.0,2.169053700369523,0.0,0.0,0.0,0.0
142,1.0,24.0,0.0,0.0,1.0,1.0,0.0,2.8243506567983707,0.0,0.0,0.0,0.0
143,0.0,19.0,0.0,0.0,0.0,0.0,0.0,2.0476928433652555,0.0,0.0,1.0,0.0
144,0.0,18.0,0.0,1.0,0.0,0.0,0.0,2.5257286443082556,0.0,0.0,0.0,0.0
145,0.0,19.0,0.0,1.0,2.0,0.0,1.0,3.6309854756950335,0.0,0.0,0.0,0.0
146,0.0,27.0,0.0,0.0,0.0,0.0,0.0,2.174274334826008,0.0,0.0,0.0,0.0
147,1.0,9.0,0.0,0.0,4.0,0.0,1.0,3.5660053559634015,0.0,0.0,0.0,0.0
148,0.0,36.5,0.0,1.0,2.0,0.0,1.0,3.295836866004329,1.0,0.0,0.0,0.0
149,0.0,42.0,0.0,1.0,0.0,0.0,0.0,2.6390573296152584,0.0,0.0,0.0,0.0
150,0.0,51.0,0.0,1.0,0.0,0.0,0.0,2.6045398247325453,0.0,0.0,0.0,0.0
151,1.0,22.0,1.0,0.0,1.0,1.0,0.0,4.213607983048918,1.0,0.0,0.0,0.0
152,0.0,55.5,0.0,0.0,0.0,0.0,0.0,2.2027647577118348,0.0,0.0,0.0,0.0
153,0.0,40.5,0.0,0.0,2.0,0.0,1.0,2.740840023925201,0.0,0.0,0.0,0.0
154,0.0,26.0,0.0,0.0,0.0,0.0,0.0,2.117760405981973,0.0,0.0,0.0,0.0
155,0.0,51.0,1.0,0.0,1.0,1.0,0.0,4.133231886474144,0.0,1.0,0.0,0.0
156,1.0,16.0,0.0,0.0,0.0,0.0,0.0,2.167143305297764,0.0,0.0,1.0,0.0
157,0.0,30.0,0.0,0.0,0.0,0.0,0.0,2.2027647577118348,0.0,0.0,0.0,0.0
158,0.0,26.0,0.0,0.0,0.0,0.0,0.0,2.2682524139135403,0.0,0.0,0.0,0.0
159,0.0,10.0,0.0,0.0,10.0,0.0,1.0,4.256321678298823,0.0,0.0,0.0,0.0
160,0.0,44.0,0.0,0.0,1.0,1.0,0.0,2.8390784635086144,0.0,0.0,0.0,0.0
161,1.0,40.0,0.0,1.0,0.0,0.0,0.0,2.8183982582710754,0.0,0.0,0.0,0.0
162,0.0,26.0,0.0,0.0,0.0,0.0,0.0,2.1719067693519296,0.0,0.0,0.0,0.0
163,0.0,17.0,0.0,0.0,0.0,0.0,0.0,2.2682524139135403,0.0,0.0,0.0,0.0
164,0.0,1.0,0.0,0.0,5.0,0.0,1.0,3.705920919968788,0.0,0.0,0.0,0.0
165,0.0,9.0,0.0,0.0,2.0,0.0,1.0,3.0692150503137943,0.0,0.0,0.0,0.0
166,1.0,35.0,1.0,0.0,1.0,1.0,0.0,4.02535169073515,1.0,0.0,0.0,0.0
167,1.0,45.0,0.0,0.0,5.0,0.0,1.0,3.3638415951183864,0.0,0.0,0.0,0.0
168,0.0,45.25,1.0,0.0,0.0,0.0,0.0,3.2930552230424524,0.0,0.0,0.0,0.0
169,0.0,28.0,0.0,0.0,0.0,0.0,0.0,4.05171190165724,0.0,0.0,0.0,0.0
170,0.0,61.0,1.0,0.0,0.0,0.0,0.0,3.5409593240373143,1.0,0.0,0.0,0.0
171,0.0,4.0,0.0,0.0,5.0,0.0,1.0,3.405355391810819,0.0,0.0,1.0,0.0
172,1.0,1.0,0.0,0.0,2.0,0.0,1.0,2.495953738718064,0.0,0.0,0.0,0.0
173,0.0,21.0,0.0,0.0,0.0,0.0,0.0,2.188856327665703,0.0,0.0,0.0,0.0
174,0.0,56.0,1.0,0.0,0.0,0.0,0.0,3.4561841799918147,1.0,1.0,0.0,0.0
175,0.0,18.0,0.0,0.0,2.0,0.0,1.0,2.180891922715322,0.0,0.0,0.0,0.0
176,0.0,8.5,0.0,0.0,4.0,0.0,1.0,3.275887339030031,0.0,0.0,0.0,0.0
177,1.0,50.0,1.0,0.0,0.0,0.0,0.0,3.391567832686312,1.0,1.0,0.0,0.0
178,0.0,30.0,0.0,1.0,0.0,0.0,0.0,2.6390573296152584,0.0,0.0,0.0,0.0
179,0.0,36.0,0.0,0.0,0.0,0.0,0.0,0.0,0.0,0.0,0.0,0.0
180,1.0,10.0,0.0,0.0,10.0,0.0,1.0,4.256321678298823,0.0,0.0,0.0,0.0
181,0.0,30.0,0.0,1.0,0.0,0.0,0.0,2.775708849576025,0.0,1.0,0.0,0.0
182,0.0,9.0,0.0,0.0,6.0,0.0,1.0,3.4777725458882283,0.0,0.0,0.0,0.0
183,0.0,1.0,0.0,1.0,3.0,0.0,1.0,3.688879454113936,1.0,0.0,0.0,0.0
184,1.0,4.0,0.0,0.0,2.0,0.0,1.0,3.1365805821413706,0.0,0.0,0.0,0.0
185,0.0,45.25,1.0,0.0,0.0,0.0,0.0,3.9318256327243257,1.0,0.0,0.0,0.0
186,1.0,18.0,0.0,0.0,1.0,1.0,0.0,2.803360380906535,0.0,0.0,1.0,0.0
187,0.0,45.0,1.0,0.0,0.0,0.0,0.0,3.3160025355989236,0.0,0.0,0.0,0.0
188,0.0,40.0,0.0,0.0,2.0,0.0,1.0,2.803360380906535,0.0,0.0,1.0,0.0
189,0.0,36.0,0.0,0.0,0.0,0.0,0.0,2.1855792552411137,0.0,0.0,0.0,0.0
190,1.0,32.0,0.0,1.0,0.0,0.0,0.0,2.6390573296152584,0.0,0.0,0.0,0.0
191,0.0,19.0,0.0,1.0,0.0,0.0,0.0,2.6390573296152584,0.0,0.0,0.0,0.0
192,1.0,19.0,0.0,0.0,1.0,1.0,0.0,2.180891922715322,0.0,0.0,0.0,0.0
193,0.0,3.0,0.0,1.0,2.0,0.0,1.0,3.295836866004329,1.0,0.0,0.0,0.0
194,1.0,44.0,1.0,0.0,0.0,0.0,0.0,3.357621598945279,1.0,1.0,0.0,0.0
195,1.0,58.0,1.0,0.0,0.0,0.0,0.0,4.993969182787072,1.0,1.0,0.0,0.0
196,0.0,26.0,0.0,0.0,0.0,0.0,0.0,2.169053700369523,0.0,0.0,1.0,0.0
197,0.0,42.0,0.0,0.0,1.0,1.0,0.0,2.2411563979973974,0.0,0.0,0.0,0.0
198,1.0,22.0,0.0,0.0,0.0,0.0,0.0,2.169053700369523,0.0,0.0,1.0,0.0
199,1.0,24.0,0.0,1.0,0.0,0.0,0.0,2.6390573296152584,0.0,0.0,0.0,0.0
200,0.0,28.0,0.0,0.0,0.0,0.0,0.0,2.3513752571634776,0.0,0.0,0.0,0.0
201,0.0,10.0,0.0,0.0,10.0,0.0,1.0,4.256321678298823,0.0,0.0,0.0,0.0
202,0.0,34.0,0.0,0.0,0.0,0.0,0.0,2.0143428636837015,0.0,0.0,0.0,0.0
203,0.0,45.5,0.0,0.0,0.0,0.0,0.0,2.1071782966514356,0.0,1.0,0.0,0.0
204,0.0,18.0,0.0,0.0,0.0,0.0,0.0,2.2027647577118348,0.0,0.0,0.0,0.0
205,1.0,2.0,0.0,0.0,1.0,1.0,0.0,2.439080837582583,1.0,0.0,0.0,0.0
206,0.0,32.0,0.0,0.0,1.0,1.0,0.0,2.8243506567983707,0.0,0.0,0.0,0.0
207,0.0,26.0,0.0,0.0,0.0,0.0,0.0,2.9850504252071306,0.0,1.0,0.0,0.0
208,1.0,16.0,0.0,0.0,0.0,0.0,0.0,2.169053700369523,0.0,0.0,1.0,0.0
209,0.0,40.0,1.0,0.0,0.0,0.0,0.0,3.4657359027997265,1.0,1.0,0.0,0.0
210,0.0,24.0,0.0,0.0,0.0,0.0,0.0,2.085672091430472,0.0,0.0,0.0,0.0
211,1.0,35.0,0.0,1.0,0.0,0.0,0.0,3.091042453358316,0.0,0.0,0.0,0.0
212,0.0,22.0,0.0,0.0,0.0,0.0,0.0,2.1102132003465894,0.0,0.0,0.0,0.0
213,0.0,30.0,0.0,1.0,0.0,0.0,0.0,2.6390573296152584,0.0,0.0,0.0,0.0
214,0.0,25.5,0.0,0.0,1.0,1.0,0.0,2.169053700369523,0.0,0.0,1.0,0.0
215,1.0,31.0,1.0,0.0,1.0,1.0,0.0,4.738607824217808,1.0,1.0,0.0,0.0
216,1.0,27.0,0.0,0.0,0.0,0.0,0.0,2.188856327665703,0.0,0.0,0.0,0.0
217,0.0,42.0,0.0,1.0,1.0,1.0,0.0,3.332204510175204,0.0,0.0,0.0,0.0
218,1.0,32.0,1.0,0.0,0.0,0.0,0.0,4.347586575960343,1.0,1.0,0.0,0.0
219,0.0,30.0,0.0,1.0,0.0,0.0,0.0,2.4423470353692043,0.0,0.0,0.0,0.0
220,0.0,16.0,0.0,0.0,0.0,0.0,0.0,2.2027647577118348,0.0,0.0,0.0,0.0
221,0.0,27.0,0.0,1.0,0.0,0.0,0.0,2.6390573296152584,0.0,0.0,0.0,0.0
222,0.0,51.0,0.0,0.0,0.0,0.0,0.0,2.2027647577118348,0.0,0.0,0.0,0.0
223,0.0,26.0,0.0,0.0,0.0,0.0,0.0,2.1855792552411137,0.0,0.0,0.0,0.0
224,0.0,38.0,1.0,0.0,1.0,1.0,0.0,4.51085950651685,1.0,0.0,0.0,0.0
225,0.0,22.0,0.0,0.0,0.0,0.0,0.0,2.336986519711378,0.0,0.0,0.0,0.0
226,0.0,19.0,0.0,1.0,0.0,0.0,0.0,2.4423470353692043,0.0,0.0,0.0,0.0
227,0.0,20.5,0.0,0.0,0.0,0.0,0.0,2.1102132003465894,0.0,0.0,0.0,0.0
228,0.0,18.0,0.0,1.0,0.0,0.0,0.0,2.6390573296152584,0.0,0.0,0.0,0.0
229,1.0,24.0,0.0,0.0,4.0,0.0,1.0,3.275887339030031,0.0,0.0,0.0,0.0
230,1.0,35.0,1.0,0.0,1.0,1.0,0.0,4.436455632600354,1.0,0.0,0.0,0.0
231,0.0,29.0,0.0,0.0,0.0,0.0,0.0,2.1719067693519296,0.0,0.0,0.0,0.0
232,0.0,59.0,0.0,1.0,0.0,0.0,0.0,2.6741486494265287,0.0,0.0,0.0,0.0
233,1.0,5.0,0.0,0.0,6.0,0.0,1.0,3.4777725458882283,0.0,0.0,0.0,0.0
234,0.0,24.0,0.0,1.0,0.0,0.0,0.0,2.4423470353692043,0.0,0.0,0.0,0.0
235,1.0,23.5,0.0,0.0,0.0,0.0,0.0,2.145931282948669,0.0,0.0,0.0,0.0
236,0.0,44.0,0.0,1.0,1.0,1.0,0.0,3.295836866004329,0.0,0.0,0.0,0.0
237,1.0,8.0,0.0,1.0,2.0,0.0,1.0,3.305053521109253,0.0,0.0,0.0,0.0
238,0.0,19.0,0.0,1.0,0.0,0.0,0.0,2.4423470353692043,0.0,0.0,0.0,0.0
239,0.0,33.0,0.0,1.0,0.0,0.0,0.0,2.5858825671280026,0.0,0.0,0.0,0.0
240,1.0,18.0,0.0,0.0,1.0,1.0,0.0,2.737880811060884,0.0,1.0,0.0,0.0
241,1.0,18.0,0.0,0.0,1.0,1.0,0.0,2.803360380906535,0.0,0.0,1.0,0.0
242,0.0,29.0,0.0,1.0,0.0,0.0,0.0,2.4423470353692043,0.0,0.0,0.0,0.0
243,0.0,22.0,0.0,0.0,0.0,0.0,0.0,2.094945728215801,0.0,0.0,0.0,0.0
244,0.0,30.0,0.0,0.0,0.0,0.0,0.0,2.1071782966514356,0.0,1.0,0.0,0.0
245,0.0,44.0,1.0,0.0,2.0,0.0,1.0,4.51085950651685,1.0,0.0,1.0,0.0
246,1.0,25.0,0.0,0.0,0.0,0.0,0.0,2.1719067693519296,0.0,0.0,0.0,0.0
247,1.0,24.0,0.0,1.0,2.0,0.0,1.0,2.740840023925201,0.0,0.0,0.0,0.0
248,0.0,37.0,1.0,0.0,2.0,0.0,1.0,3.980694225190728,1.0,0.0,0.0,0.0
249,0.0,54.0,0.0,1.0,1.0,1.0,0.0,3.295836866004329,0.0,0.0,0.0,0.0
250,0.0,26.0,0.0,0.0,0.0,0.0,0.0,2.1102132003465894,0.0,0.0,0.0,0.0
251,1.0,29.0,0.0,0.0,2.0,0.0,1.0,2.439080837582583,1.0,0.0,0.0,0.0
252,0.0,62.0,1.0,0.0,0.0,0.0,0.0,3.3160025355989236,1.0,0.0,0.0,0.0
253,0.0,30.0,0.0,0.0,1.0,1.0,0.0,2.8390784635086144,0.0,0.0,0.0,0.0
254,1.0,41.0,0.0,0.0,2.0,0.0,1.0,3.0545906305603445,0.0,0.0,0.0,0.0
255,1.0,29.0,0.0,0.0,2.0,0.0,1.0,2.7878344138303452,0.0,1.0,0.0,0.0
256,1.0,30.0,1.0,0.0,0.0,0.0,0.0,4.384523514872469,0.0,1.0,0.0,0.0
257,1.0,30.0,1.0,0.0,0.0,0.0,0.0,4.471638793363569,1.0,0.0,0.0,0.0
258,1.0,35.0,1.0,0.0,0.0,0.0,0.0,6.240917354759096,0.0,1.0,0.0,0.0
259,1.0,50.0,0.0,1.0,1.0,1.0,0.0,3.295836866004329,0.0,0.0,0.0,0.0
260,0.0,26.0,0.0,0.0,0.0,0.0,0.0,2.169053700369523,0.0,0.0,1.0,0.0
261,0.0,3.0,0.0,0.0,6.0,0.0,1.0,3.4777725458882283,0.0,0.0,0.0,0.0
262,0.0,52.0,1.0,0.0,2.0,0.0,1.0,4.390118804571218,1.0,0.0,0.0,0.0
263,0.0,40.0,1.0,0.0,0.0,0.0,0.0,0.0,1.0,0.0,0.0,0.0
264,1.0,23.5,0.0,0.0,0.0,0.0,0.0,2.169053700369523,0.0,0.0,1.0,0.0
265,0.0,36.0,0.0,1.0,0.0,0.0,0.0,2.4423470353692043,0.0,0.0,0.0,0.0
266,0.0,16.0,0.0,0.0,5.0,0.0,1.0,3.705920919968788,0.0,0.0,0.0,0.0
267,0.0,25.0,0.0,0.0,1.0,1.0,0.0,2.1719067693519296,0.0,0.0,0.0,0.0
268,1.0,58.0,1.0,0.0,1.0,1.0,0.0,5.039951348430309,1.0,0.0,0.0,0.0
269,1.0,35.0,1.0,0.0,0.0,0.0,0.0,4.91730069488021,1.0,0.0,0.0,0.0
270,0.0,45.25,1.0,0.0,0.0,0.0,0.0,3.4657359027997265,0.0,0.0,0.0,0.0
271,0.0,25.0,0.0,0.0,0.0,0.0,0.0,0.0,0.0,0.0,0.0,0.0
272,1.0,41.0,0.0,1.0,1.0,1.0,0.0,3.0204248861443626,0.0,0.0,0.0,0.0
273,0.0,37.0,1.0,0.0,1.0,1.0,0.0,3.4242626545931514,1.0,1.0,0.0,0.0
274,1.0,22.0,0.0,0.0,0.0,0.0,0.0,2.169053700369523,0.0,0.0,1.0,0.0
275,1.0,63.0,1.0,0.0,1.0,1.0,0.0,4.368919865004903,1.0,0.0,0.0,0.0
276,1.0,45.0,0.0,0.0,0.0,0.0,0.0,2.169053700369523,0.0,0.0,0.0,0.0
277,0.0,26.0,0.0,1.0,0.0,0.0,0.0,0.0,0.0,0.0,0.0,0.0
278,0.0,7.0,0.0,0.0,5.0,0.0,1.0,3.405355391810819,0.0,0.0,1.0,0.0
279,1.0,35.0,0.0,0.0,2.0,0.0,1.0,3.056356895370426,0.0,0.0,0.0,0.0
280,0.0,65.0,0.0,0.0,0.0,0.0,0.0,2.169053700369523,0.0,0.0,1.0,0.0
281,0.0,28.0,0.0,0.0,0.0,0.0,0.0,2.180891922715322,0.0,0.0,0.0,0.0
282,0.0,16.0,0.0,0.0,0.0,0.0,0.0,2.3513752571634776,0.0,0.0,0.0,0.0
283,0.0,19.0,0.0,0.0,0.0,0.0,0.0,2.2027647577118348,0.0,0.0,0.0,0.0
284,0.0,45.25,1.0,0.0,0.0,0.0,0.0,3.295836866004329,1.0,0.0,0.0,0.0
285,0.0,33.0,0.0,0.0,0.0,0.0,0.0,2.2682524139135403,0.0,1.0,0.0,0.0
286,0.0,30.0,0.0,0.0,0.0,0.0,0.0,2.3513752571634776,0.0,0.0,0.0,0.0
287,0.0,22.0,0.0,0.0,0.0,0.0,0.0,2.1855792552411137,0.0,0.0,0.0,0.0
288,0.0,42.0,0.0,1.0,0.0,0.0,0.0,2.6390573296152584,0.0,0.0,0.0,0.0
289,1.0,22.0,0.0,0.0,0.0,0.0,0.0,2.169053700369523,0.0,0.0,1.0,0.0
290,1.0,26.0,1.0,0.0,0.0,0.0,0.0,4.380149874661021,0.0,0.0,0.0,0.0
291,1.0,19.0,1.0,0.0,1.0,1.0,0.0,4.5226490762785785,1.0,1.0,0.0,0.0
292,0.0,36.0,0.0,1.0,0.0,0.0,0.0,2.630088659632498,1.0,1.0,0.0,0.0
293,1.0,24.0,0.0,0.0,0.0,0.0,0.0,2.2874714551839976,0.0,0.0,0.0,0.0
294,0.0,24.0,0.0,0.0,0.0,0.0,0.0,2.1855792552411137,0.0,0.0,0.0,0.0
295,0.0,45.25,1.0,0.0,0.0,0.0,0.0,3.357621598945279,0.0,1.0,0.0,0.0
296,0.0,23.5,0.0,0.0,0.0,0.0,0.0,2.1076888046179385,0.0,1.0,0.0,0.0
297,1.0,2.0,1.0,0.0,3.0,0.0,1.0,5.027492411162679,1.0,0.0,0.0,0.0
298,0.0,45.25,1.0,0.0,0.0,0.0,0.0,3.449987545831587,1.0,0.0,0.0,0.0
299,1.0,50.0,1.0,0.0,1.0,1.0,0.0,5.515526544247129,1.0,1.0,0.0,0.0
300,1.0,22.0,0.0,0.0,0.0,0.0,0.0,2.169053700369523,0.0,0.0,1.0,0.0
301,0.0,24.0,0.0,0.0,2.0,0.0,1.0,3.188416617383492,0.0,0.0,1.0,0.0
302,0.0,19.0,0.0,0.0,0.0,0.0,0.0,0.0,0.0,0.0,0.0,0.0
303,1.0,32.5,0.0,1.0,0.0,0.0,0.0,2.5915163848462583,1.0,0.0,1.0,0.0
304,0.0,26.0,0.0,0.0,0.0,0.0,0.0,2.2027647577118348,0.0,0.0,0.0,0.0
305,0.0,22.0,1.0,0.0,3.0,0.0,1.0,5.027492411162679,1.0,0.0,0.0,0.0
306,1.0,30.0,1.0,0.0,0.0,0.0,0.0,4.717456363787216,0.0,1.0,0.0,0.0
307,1.0,17.0,1.0,0.0,1.0,1.0,0.0,4.699570861409576,1.0,1.0,0.0,0.0
308,0.0,30.0,0.0,1.0,1.0,1.0,0.0,3.218875824868201,0.0,1.0,0.0,0.0
309,1.0,30.0,1.0,0.0,0.0,0.0,0.0,4.0592215752427645,1.0,1.0,0.0,0.0
310,1.0,24.0,1.0,0.0,0.0,0.0,0.0,4.432699549165613,1.0,1.0,0.0,0.0
311,1.0,18.0,1.0,0.0,4.0,0.0,1.0,5.5735788721243535,1.0,1.0,0.0,0.0
312,1.0,26.0,0.0,1.0,2.0,0.0,1.0,3.295836866004329,0.0,0.0,0.0,0.0
313,0.0,28.0,0.0,0.0,0.0,0.0,0.0,2.1855792552411137,0.0,0.0,0.0,0.0
314,0.0,43.0,0.0,1.0,2.0,0.0,1.0,3.305053521109253,0.0,0.0,0.0,0.0
315,1.0,26.0,0.0,0.0,0.0,0.0,0.0,2.180891922715322,0.0,0.0,0.0,0.0
316,1.0,24.0,0.0,1.0,1.0,1.0,0.0,3.295836866004329,0.0,0.0,0.0,0.0
317,0.0,54.0,0.0,1.0,0.0,0.0,0.0,2.70805020110221,0.0,0.0,0.0,0.0
318,1.0,31.0,1.0,0.0,2.0,0.0,1.0,5.11118445372147,1.0,0.0,0.0,0.0
319,1.0,40.0,1.0,0.0,2.0,0.0,1.0,4.908971640319756,1.0,1.0,0.0,0.0
320,0.0,22.0,0.0,0.0,0.0,0.0,0.0,2.1102132003465894,0.0,0.0,0.0,0.0
321,0.0,27.0,0.0,0.0,0.0,0.0,0.0,2.1855792552411137,0.0,0.0,0.0,0.0
322,1.0,30.0,0.0,1.0,0.0,0.0,0.0,2.5915163848462583,0.0,0.0,1.0,0.0
323,1.0,22.0,0.0,1.0,2.0,0.0,1.0,3.4011973816621555,0.0,0.0,0.0,0.0
324,0.0,10.0,0.0,0.0,10.0,0.0,1.0,4.256321678298823,0.0,0.0,0.0,0.0
325,1.0,36.0,1.0,0.0,0.0,0.0,0.0,4.91730069488021,1.0,1.0,0.0,0.0
326,0.0,61.0,0.0,0.0,0.0,0.0,0.0,1.9792758428991135,0.0,0.0,0.0,0.0
327,1.0,36.0,0.0,1.0,0.0,0.0,0.0,2.6390573296152584,1.0,0.0,0.0,0.0
328,1.0,31.0,0.0,0.0,2.0,0.0,1.0,3.0692150503137943,0.0,0.0,0.0,0.0
329,1.0,16.0,1.0,0.0,1.0,1.0,0.0,4.077184839375167,1.0,1.0,0.0,0.0
330,1.0,24.0,0.0,0.0,2.0,0.0,1.0,3.188416617383492,0.0,0.0,1.0,0.0
331,0.0,45.5,1.0,0.0,0.0,0.0,0.0,3.3843902633457743,1.0,0.0,0.0,0.0
332,0.0,38.0,1.0,0.0,1.0,1.0,0.0,5.039951348430309,1.0,0.0,0.0,0.0
333,0.0,16.0,0.0,0.0,2.0,0.0,1.0,2.9444389791664403,0.0,0.0,0.0,0.0
334,1.0,35.0,1.0,0.0,1.0,1.0,0.0,4.902678819257608,0.0,0.0,0.0,0.0
335,0.0,26.0,0.0,0.0,0.0,0.0,0.0,2.1855792552411137,0.0,0.0,0.0,0.0
336,0.0,29.0,1.0,0.0,1.0,1.0,0.0,4.213607983048918,1.0,0.0,0.0,0.0
337,1.0,41.0,1.0,0.0,0.0,0.0,0.0,4.908971640319756,1.0,1.0,0.0,0.0
338,0.0,45.0,0.0,0.0,0.0,0.0,0.0,2.2027647577118348,0.0,0.0,0.0,0.0
339,0.0,45.0,1.0,0.0,0.0,0.0,0.0,3.597312260588446,1.0,0.0,0.0,0.0
340,0.0,2.0,0.0,1.0,2.0,0.0,1.0,3.295836866004329,1.0,0.0,0.0,0.0
341,1.0,24.0,1.0,0.0,5.0,0.0,1.0,5.575949103146316,1.0,0.0,0.0,0.0
342,0.0,28.0,0.0,1.0,0.0,0.0,0.0,2.6390573296152584,0.0,0.0,0.0,0.0
343,0.0,25.0,0.0,1.0,0.0,0.0,0.0,2.6390573296152584,0.0,0.0,0.0,0.0
344,0.0,36.0,0.0,1.0,0.0,0.0,0.0,2.6390573296152584,0.0,0.0,0.0,0.0
345,1.0,24.0,0.0,1.0,0.0,0.0,0.0,2.6390573296152584,1.0,0.0,0.0,0.0
346,1.0,40.0,0.0,1.0,0.0,0.0,0.0,2.6390573296152584,0.0,0.0,0.0,0.0
347,1.0,18.0,0.0,0.0,1.0,1.0,0.0,2.8390784635086144,0.0,0.0,0.0,0.0
348,0.0,3.0,0.0,0.0,2.0,0.0,1.0,2.827313621929028,0.0,0.0,0.0,0.0
349,0.0,42.0,0.0,0.0,0.0,0.0,0.0,2.2682524139135403,0.0,0.0,0.0,0.0
350,0.0,23.0,0.0,0.0,0.0,0.0,0.0,2.3248357019288655,0.0,0.0,0.0,0.0
351,0.0,45.25,1.0,0.0,0.0,0.0,0.0,3.58351893845611,1.0,0.0,0.0,0.0
352,0.0,15.0,0.0,0.0,2.0,0.0,1.0,2.1076888046179385,0.0,1.0,0.0,0.0
353,0.0,25.0,0.0,0.0,1.0,1.0,0.0,2.933856869835904,0.0,0.0,0.0,0.0
354,0.0,30.0,0.0,0.0,0.0,0.0,0.0,2.1071782966514356,0.0,1.0,0.0,0.0
355,0.0,28.0,0.0,0.0,0.0,0.0,0.0,2.3513752571634776,0.0,0.0,0.0,0.0
356,1.0,22.0,1.0,0.0,1.0,1.0,0.0,4.02535169073515,1.0,0.0,0.0,0.0
357,1.0,38.0,0.0,1.0,0.0,0.0,0.0,2.6390573296152584,0.0,0.0,0.0,0.0
358,1.0,22.0,0.0,0.0,0.0,0.0,0.0,2.1837114628556327,0.0,0.0,1.0,0.0
359,1.0,22.0,0.0,0.0,0.0,0.0,0.0,2.1837114628556327,0.0,0.0,1.0,0.0
360,0.0,40.0,0.0,0.0,5.0,0.0,1.0,3.3638415951183864,0.0,0.0,0.0,0.0
361,0.0,29.0,0.0,1.0,1.0,1.0,0.0,3.357621598945279,0.0,1.0,0.0,0.0
362,1.0,45.0,0.0,0.0,1.0,1.0,0.0,2.737880811060884,0.0,1.0,0.0,0.0
363,0.0,35.0,0.0,0.0,0.0,0.0,0.0,2.085672091430472,0.0,0.0,0.0,0.0
364,0.0,25.5,0.0,0.0,1.0,1.0,0.0,2.803360380906535,0.0,0.0,1.0,0.0
365,0.0,30.0,0.0,0.0,0.0,0.0,0.0,2.1102132003465894,0.0,0.0,0.0,0.0
366,1.0,60.0,1.0,0.0,1.0,1.0,0.0,4.334017415487521,1.0,1.0,0.0,0.0
367,1.0,22.0,0.0,0.0,0.0,0.0,0.0,2.1076888046179385,0.0,1.0,0.0,0.0
368,1.0,22.0,0.0,0.0,0.0,0.0,0.0,2.169053700369523,0.0,0.0,1.0,0.0
369,1.0,24.0,1.0,0.0,0.0,0.0,0.0,4.252771798816619,1.0,1.0,0.0,0.0
370,0.0,25.0,1.0,0.0,1.0,1.0,0.0,4.0332082470129285,1.0,1.0,0.0,0.0
371,0.0,18.0,0.0,0.0,1.0,1.0,0.0,2.0143428636837015,0.0,0.0,0.0,0.0
372,0.0,19.0,0.0,0.0,0.0,0.0,0.0,2.2027647577118348,0.0,0.0,0.0,0.0
373,0.0,22.0,1.0,0.0,0.0,0.0,0.0,4.91730069488021,0.0,1.0,0.0,0.0
374,1.0,3.0,0.0,0.0,4.0,0.0,1.0,3.0944457464900235,0.0,0.0,0.0,0.0
375,1.0,35.0,1.0,0.0,1.0,1.0,0.0,4.420896324687287,0.0,1.0,0.0,0.0
376,1.0,22.0,0.0,0.0,0.0,0.0,0.0,2.1102132003465894,0.0,0.0,0.0,0.0
377,0.0,27.0,1.0,0.0,2.0,0.0,1.0,5.358941988364472,1.0,1.0,0.0,0.0
378,0.0,20.0,0.0,0.0,0.0,0.0,0.0,1.6119347926326877,0.0,1.0,0.0,0.0
379,0.0,19.0,0.0,0.0,0.0,0.0,0.0,2.1719067693519296,0.0,0.0,0.0,0.0
380,1.0,42.0,1.0,0.0,0.0,0.0,0.0,5.4316456135398825,0.0,1.0,0.0,0.0
381,1.0,1.0,0.0,0.0,2.0,0.0,1.0,2.817902613071225,0.0,1.0,0.0,0.0
382,0.0,32.0,0.0,0.0,0.0,0.0,0.0,2.188856327665703,0.0,0.0,0.0,0.0
383,1.0,35.0,1.0,0.0,1.0,1.0,0.0,3.970291913552122,0.0,0.0,0.0,0.0
384,0.0,26.0,0.0,0.0,0.0,0.0,0.0,2.1855792552411137,0.0,0.0,0.0,0.0
385,0.0,18.0,0.0,1.0,0.0,0.0,0.0,4.310799125385514,0.0,0.0,0.0,0.0
386,0.0,1.0,0.0,0.0,7.0,0.0,1.0,3.8691155044168695,0.0,0.0,0.0,0.0
387,1.0,36.0,0.0,1.0,0.0,0.0,0.0,2.6390573296152584,0.0,0.0,0.0,0.0
388,0.0,26.0,0.0,0.0,0.0,0.0,0.0,2.1666737276227077,0.0,0.0,1.0,0.0
389,1.0,17.0,0.0,1.0,0.0,0.0,0.0,2.5649493574615367,0.0,1.0,0.0,0.0
390,0.0,36.0,1.0,0.0,3.0,0.0,1.0,4.795790545596741,1.0,0.0,0.0,0.0
391,0.0,21.0,0.0,0.0,0.0,0.0,0.0,2.174274334826008,0.0,0.0,0.0,0.0
392,0.0,28.0,0.0,0.0,2.0,0.0,1.0,2.188856327665703,0.0,0.0,0.0,0.0
393,1.0,23.0,1.0,0.0,1.0,1.0,0.0,4.738607824217808,1.0,1.0,0.0,0.0
394,1.0,24.0,0.0,0.0,2.0,0.0,1.0,2.8735646395797834,1.0,0.0,0.0,0.0
395,0.0,22.0,0.0,0.0,0.0,0.0,0.0,2.174274334826008,0.0,0.0,0.0,0.0
396,1.0,31.0,0.0,0.0,0.0,0.0,0.0,2.180891922715322,0.0,0.0,0.0,0.0
397,0.0,46.0,0.0,1.0,0.0,0.0,0.0,3.295836866004329,0.0,0.0,0.0,0.0
398,0.0,23.0,0.0,1.0,0.0,0.0,0.0,2.4423470353692043,0.0,0.0,0.0,0.0
399,1.0,28.0,0.0,1.0,0.0,0.0,0.0,2.613739521630969,0.0,0.0,0.0,0.0
400,0.0,39.0,0.0,0.0,0.0,0.0,0.0,2.188856327665703,0.0,0.0,0.0,0.0
401,0.0,26.0,0.0,0.0,0.0,0.0,0.0,2.2027647577118348,0.0,0.0,0.0,0.0
402,1.0,21.0,0.0,0.0,1.0,1.0,0.0,2.3818582738885534,0.0,0.0,0.0,0.0
403,0.0,28.0,0.0,0.0,1.0,1.0,0.0,2.8243506567983707,0.0,0.0,0.0,0.0
404,1.0,20.0,0.0,0.0,0.0,0.0,0.0,2.2682524139135403,0.0,0.0,0.0,0.0
405,0.0,34.0,0.0,1.0,1.0,1.0,0.0,3.091042453358316,0.0,0.0,0.0,0.0
406,0.0,51.0,0.0,0.0,0.0,0.0,0.0,2.169053700369523,0.0,0.0,0.0,0.0
407,0.0,3.0,0.0,1.0,2.0,0.0,1.0,2.9831534913471307,0.0,0.0,0.0,0.0
408,0.0,21.0,0.0,0.0,0.0,0.0,0.0,2.1719067693519296,0.0,0.0,0.0,0.0
409,1.0,24.0,0.0,0.0,4.0,0.0,1.0,3.275887339030031,0.0,0.0,0.0,0.0
410,0.0,26.0,0.0,0.0,0.0,0.0,0.0,2.1855792552411137,0.0,0.0,0.0,0.0
411,0.0,26.0,0.0,0.0,0.0,0.0,0.0,2.061570298060867,0.0,0.0,1.0,0.0
412,1.0,33.0,1.0,0.0,1.0,1.0,0.0,4.51085950651685,1.0,0.0,1.0,0.0
413,0.0,26.0,0.0,1.0,0.0,0.0,0.0,0.0,0.0,0.0,0.0,0.0
414,0.0,44.0,0.0,0.0,0.0,0.0,0.0,2.188856327665703,0.0,0.0,0.0,0.0
415,1.0,23.5,0.0,0.0,0.0,0.0,0.0,2.2027647577118348,0.0,0.0,0.0,0.0
416,1.0,34.0,0.0,1.0,2.0,0.0,1.0,3.5115454388310208,0.0,0.0,0.0,0.0
417,1.0,18.0,0.0,1.0,2.0,0.0,1.0,2.6390573296152584,0.0,0.0,0.0,0.0
418,0.0,30.0,0.0,1.0,0.0,0.0,0.0,2.6390573296152584,0.0,0.0,0.0,0.0
419,1.0,10.0,0.0,0.0,2.0,0.0,1.0,3.224857896545748,0.0,0.0,0.0,0.0
420,0.0,30.0,0.0,0.0,0.0,0.0,0.0,2.1855792552411137,0.0,1.0,0.0,0.0
421,0.0,21.0,0.0,0.0,0.0,0.0,0.0,2.167143305297764,0.0,0.0,1.0,0.0
422,0.0,29.0,0.0,0.0,0.0,0.0,0.0,2.1832383353614797,0.0,0.0,0.0,0.0
423,1.0,28.0,0.0,0.0,2.0,0.0,1.0,2.7343675094195836,0.0,0.0,0.0,0.0
424,0.0,18.0,0.0,0.0,2.0,0.0,1.0,3.0545906305603445,0.0,0.0,0.0,0.0
425,0.0,26.0,0.0,0.0,0.0,0.0,0.0,2.1102132003465894,0.0,0.0,0.0,0.0
426,1.0,28.0,0.0,1.0,1.0,1.0,0.0,3.295836866004329,0.0,0.0,0.0,0.0
427,1.0,19.0,0.0,1.0,0.0,0.0,0.0,3.295836866004329,0.0,0.0,0.0,0.0
428,0.0,26.0,0.0,0.0,0.0,0.0,0.0,2.169053700369523,0.0,0.0,1.0,0.0
429,0.0,32.0,0.0,0.0,0.0,0.0,0.0,2.2027647577118348,1.0,0.0,0.0,0.0
430,0.0,28.0,1.0,0.0,0.0,0.0,0.0,3.3160025355989236,1.0,0.0,0.0,0.0
431,1.0,18.0,0.0,0.0,1.0,1.0,0.0,2.8390784635086144,0.0,0.0,0.0,0.0
432,1.0,42.0,0.0,1.0,1.0,1.0,0.0,3.295836866004329,0.0,0.0,0.0,0.0
433,0.0,17.0,0.0,0.0,0.0,0.0,0.0,2.094945728215801,0.0,0.0,0.0,0.0
434,0.0,50.0,1.0,0.0,1.0,1.0,0.0,4.041295341132285,1.0,0.0,0.0,0.0
435,1.0,14.0,1.0,0.0,3.0,0.0,1.0,4.795790545596741,1.0,0.0,0.0,0.0
436,1.0,21.0,0.0,0.0,4.0,0.0,1.0,3.5660053559634015,0.0,0.0,0.0,0.0
437,1.0,24.0,0.0,1.0,5.0,0.0,1.0,2.9831534913471307,0.0,0.0,0.0,0.0
438,0.0,64.0,1.0,0.0,5.0,0.0,1.0,5.575949103146316,1.0,0.0,0.0,0.0
439,0.0,31.0,0.0,1.0,0.0,0.0,0.0,2.4423470353692043,0.0,0.0,0.0,0.0
440,1.0,45.0,0.0,1.0,2.0,0.0,1.0,3.305053521109253,0.0,0.0,0.0,0.0
441,0.0,20.0,0.0,0.0,0.0,0.0,0.0,2.3513752571634776,0.0,0.0,0.0,0.0
442,0.0,25.0,0.0,0.0,1.0,1.0,0.0,2.1719067693519296,0.0,0.0,0.0,0.0
443,1.0,28.0,0.0,1.0,0.0,0.0,0.0,2.6390573296152584,0.0,0.0,0.0,0.0
444,0.0,29.0,0.0,0.0,0.0,0.0,0.0,2.2096470973347766,0.0,0.0,0.0,0.0
445,0.0,4.0,1.0,0.0,2.0,0.0,1.0,4.417131919904876,1.0,0.0,0.0,0.0
446,1.0,13.0,0.0,1.0,1.0,1.0,0.0,3.0204248861443626,0.0,0.0,0.0,0.0
447,0.0,34.0,1.0,0.0,0.0,0.0,0.0,3.3160025355989236,0.0,0.0,0.0,0.0
448,1.0,5.0,0.0,0.0,3.0,0.0,1.0,3.0085645861193133,0.0,1.0,0.0,0.0
449,0.0,52.0,1.0,0.0,0.0,0.0,0.0,3.449987545831587,1.0,0.0,0.0,0.0
450,0.0,36.0,0.0,1.0,3.0,0.0,1.0,3.3586377672433594,0.0,0.0,0.0,0.0
451,0.0,25.5,0.0,0.0,1.0,1.0,0.0,3.0429354648621407,0.0,0.0,0.0,0.0
452,0.0,30.0,1.0,0.0,0.0,0.0,0.0,3.3586377672433594,1.0,1.0,0.0,0.0
453,0.0,49.0,1.0,0.0,1.0,1.0,0.0,4.500966778400217,1.0,1.0,0.0,0.0
454,0.0,26.0,0.0,0.0,0.0,0.0,0.0,2.2027647577118348,0.0,0.0,0.0,0.0
455,0.0,29.0,0.0,0.0,0.0,0.0,0.0,2.1855792552411137,0.0,1.0,0.0,0.0
456,0.0,65.0,1.0,0.0,0.0,0.0,0.0,3.3160025355989236,1.0,0.0,0.0,0.0
457,1.0,35.0,1.0,0.0,1.0,1.0,0.0,3.967694202798607,1.0,0.0,0.0,0.0
458,1.0,50.0,0.0,1.0,0.0,0.0,0.0,2.4423470353692043,0.0,0.0,0.0,0.0
459,0.0,26.0,0.0,0.0,0.0,0.0,0.0,2.169053700369523,0.0,0.0,1.0,0.0
460,0.0,48.0,1.0,0.0,0.0,0.0,0.0,3.3160025355989236,1.0,0.0,0.0,0.0
461,0.0,34.0,0.0,0.0,0.0,0.0,0.0,2.2027647577118348,0.0,0.0,0.0,0.0
462,0.0,47.0,1.0,0.0,0.0,0.0,0.0,3.676300671907076,1.0,0.0,0.0,0.0
463,0.0,48.0,0.0,1.0,0.0,0.0,0.0,2.6390573296152584,0.0,0.0,0.0,0.0
464,0.0,26.0,0.0,0.0,0.0,0.0,0.0,2.2027647577118348,0.0,0.0,0.0,0.0
465,0.0,38.0,0.0,0.0,0.0,0.0,0.0,2.085672091430472,0.0,0.0,0.0,0.0
466,0.0,26.0,0.0,1.0,0.0,0.0,0.0,0.0,0.0,0.0,0.0,0.0
467,0.0,56.0,1.0,0.0,0.0,0.0,0.0,3.3160025355989236,0.0,0.0,0.0,0.0
468,0.0,26.0,0.0,0.0,0.0,0.0,0.0,2.1661924680884908,0.0,0.0,1.0,0.0
469,1.0,24.0,0.0,0.0,3.0,0.0,1.0,3.0085645861193133,0.0,1.0,0.0,0.0
470,0.0,26.0,0.0,0.0,0.0,0.0,0.0,2.1102132003465894,0.0,0.0,0.0,0.0
471,0.0,38.0,0.0,0.0,0.0,0.0,0.0,2.2682524139135403,0.0,0.0,0.0,0.0
472,1.0,33.0,0.0,1.0,3.0,0.0,1.0,3.3586377672433594,0.0,0.0,0.0,0.0
473,1.0,23.0,0.0,1.0,0.0,0.0,0.0,2.694066212646058,1.0,1.0,0.0,0.0
474,1.0,22.0,0.0,0.0,0.0,0.0,0.0,2.38301234210666,0.0,0.0,0.0,0.0
475,0.0,45.25,1.0,0.0,0.0,0.0,0.0,3.970291913552122,1.0,0.0,0.0,0.0
476,0.0,34.0,0.0,1.0,1.0,1.0,0.0,3.091042453358316,0.0,0.0,0.0,0.0
477,0.0,29.0,0.0,0.0,1.0,1.0,0.0,2.0851502161468174,0.0,0.0,0.0,0.0
478,0.0,22.0,0.0,0.0,0.0,0.0,0.0,2.142510233146819,0.0,0.0,0.0,0.0
479,1.0,2.0,0.0,0.0,1.0,1.0,0.0,2.586823743668066,0.0,0.0,0.0,0.0
480,0.0,9.0,0.0,0.0,7.0,0.0,1.0,3.8691155044168695,0.0,0.0,0.0,0.0
481,0.0,26.0,0.0,1.0,0.0,0.0,0.0,0.0,0.0,0.0,0.0,0.0
482,0.0,50.0,0.0,0.0,0.0,0.0,0.0,2.2027647577118348,0.0,0.0,0.0,0.0
483,1.0,63.0,0.0,0.0,0.0,0.0,0.0,2.3596740599781727,0.0,0.0,0.0,0.0
484,0.0,25.0,1.0,0.0,1.0,1.0,0.0,4.5226490762785785,1.0,1.0,0.0,0.0
485,1.0,24.0,0.0,0.0,4.0,0.0,1.0,3.275887339030031,0.0,0.0,0.0,0.0
486,1.0,35.0,1.0,0.0,1.0,1.0,0.0,4.51085950651685,1.0,0.0,0.0,0.0
487,0.0,58.0,1.0,0.0,0.0,0.0,0.0,3.4242626545931514,1.0,1.0,0.0,0.0
488,0.0,30.0,0.0,0.0,0.0,0.0,0.0,2.2027647577118348,0.0,0.0,0.0,0.0
489,0.0,9.0,0.0,0.0,2.0,0.0,1.0,2.827313621929028,0.0,0.0,0.0,0.0
490,0.0,25.5,0.0,0.0,1.0,1.0,0.0,3.0429354648621407,0.0,0.0,0.0,0.0
491,0.0,21.0,0.0,0.0,0.0,0.0,0.0,2.1102132003465894,0.0,0.0,0.0,0.0
492,0.0,55.0,1.0,0.0,0.0,0.0,0.0,3.449987545831587,1.0,0.0,0.0,0.0
493,0.0,71.0,1.0,0.0,0.0,0.0,0.0,3.922056501139853,0.0,1.0,0.0,0.0
494,0.0,21.0,0.0,0.0,0.0,0.0,0.0,2.2027647577118348,0.0,0.0,0.0,0.0
495,0.0,30.0,0.0,0.0,0.0,0.0,0.0,2.738146075922933,0.0,1.0,0.0,0.0
496,1.0,54.0,1.0,0.0,1.0,1.0,0.0,4.37281811610993,1.0,1.0,0.0,0.0
497,0.0,26.0,0.0,0.0,0.0,0.0,0.0,2.7788192719904172,0.0,0.0,0.0,0.0
498,1.0,25.0,1.0,0.0,3.0,0.0,1.0,5.027492411162679,1.0,0.0,0.0,0.0
499,0.0,24.0,0.0,0.0,0.0,0.0,0.0,2.174274334826008,0.0,0.0,0.0,0.0
500,0.0,17.0,0.0,0.0,0.0,0.0,0.0,2.2682524139135403,0.0,0.0,0.0,0.0
501,1.0,21.0,0.0,0.0,0.0,0.0,0.0,2.169053700369523,0.0,0.0,1.0,0.0
502,1.0,23.5,0.0,0.0,0.0,0.0,0.0,2.155151800914312,0.0,0.0,1.0,0.0
503,1.0,37.0,0.0,0.0,0.0,0.0,0.0,2.3596740599781727,0.0,0.0,0.0,0.0
504,1.0,16.0,1.0,0.0,0.0,0.0,0.0,4.471638793363569,1.0,0.0,0.0,0.0
505,0.0,18.0,1.0,0.0,1.0,1.0,0.0,4.699570861409576,1.0,1.0,0.0,0.0
506,1.0,33.0,0.0,1.0,2.0,0.0,1.0,3.295836866004329,0.0,0.0,0.0,0.0
507,0.0,45.25,1.0,0.0,0.0,0.0,0.0,3.3160025355989236,0.0,0.0,0.0,0.0
508,0.0,28.0,0.0,0.0,0.0,0.0,0.0,3.158063685471443,0.0,0.0,0.0,0.0
509,0.0,26.0,0.0,0.0,0.0,0.0,0.0,4.05171190165724,0.0,0.0,0.0,0.0
510,0.0,29.0,0.0,0.0,0.0,0.0,0.0,2.169053700369523,0.0,0.0,1.0,0.0
511,0.0,26.0,0.0,0.0,0.0,0.0,0.0,2.2027647577118348,0.0,0.0,0.0,0.0
512,0.0,36.0,1.0,0.0,0.0,0.0,0.0,3.3064287218760624,1.0,0.0,0.0,0.0
513,1.0,54.0,1.0,0.0,1.0,1.0,0.0,4.100989104940769,0.0,1.0,0.0,0.0
514,0.0,24.0,0.0,0.0,0.0,0.0,0.0,2.139571923732859,0.0,0.0,0.0,0.0
515,0.0,47.0,1.0,0.0,0.0,0.0,0.0,3.5559421706858756,1.0,0.0,0.0,0.0
516,1.0,34.0,0.0,1.0,0.0,0.0,0.0,2.4423470353692043,1.0,0.0,0.0,0.0
517,0.0,26.0,0.0,0.0,0.0,0.0,0.0,3.224857896545748,0.0,0.0,1.0,0.0
518,1.0,36.0,0.0,1.0,1.0,1.0,0.0,3.295836866004329,0.0,0.0,0.0,0.0
519,0.0,32.0,0.0,0.0,0.0,0.0,0.0,2.1855792552411137,0.0,0.0,0.0,0.0
520,1.0,30.0,1.0,0.0,0.0,0.0,0.0,4.548599834499697,1.0,0.0,0.0,0.0
521,0.0,22.0,0.0,0.0,0.0,0.0,0.0,2.1855792552411137,0.0,0.0,0.0,0.0
522,0.0,30.0,0.0,0.0,0.0,0.0,0.0,2.1071782966514356,0.0,1.0,0.0,0.0
523,1.0,44.0,1.0,0.0,1.0,1.0,0.0,4.077184839375167,1.0,1.0,0.0,0.0
524,0.0,30.0,0.0,0.0,0.0,0.0,0.0,2.1076888046179385,0.0,1.0,0.0,0.0
525,0.0,40.5,0.0,0.0,0.0,0.0,0.0,2.169053700369523,0.0,0.0,1.0,0.0
526,1.0,50.0,0.0,1.0,0.0,0.0,0.0,2.4423470353692043,0.0,0.0,0.0,0.0
527,0.0,30.0,1.0,0.0,0.0,0.0,0.0,5.406181146423973,1.0,0.0,0.0,0.0
528,0.0,39.0,0.0,0.0,0.0,0.0,0.0,2.188856327665703,0.0,0.0,0.0,0.0
529,0.0,23.0,0.0,1.0,3.0,0.0,1.0,2.5257286443082556,0.0,0.0,0.0,0.0
530,1.0,2.0,0.0,1.0,2.0,0.0,1.0,3.295836866004329,0.0,0.0,0.0,0.0
531,0.0,30.0,0.0,0.0,0.0,0.0,0.0,2.1076888046179385,0.0,1.0,0.0,0.0
532,0.0,17.0,0.0,0.0,2.0,0.0,1.0,2.1076888046179385,0.0,1.0,0.0,0.0
533,1.0,24.0,0.0,0.0,2.0,0.0,1.0,3.1509523813392697,0.0,1.0,0.0,0.0
534,1.0,30.0,0.0,0.0,0.0,0.0,0.0,2.2682524139135403,0.0,0.0,0.0,0.0
535,1.0,7.0,0.0,1.0,2.0,0.0,1.0,3.305053521109253,0.0,0.0,0.0,0.0
536,0.0,45.0,1.0,0.0,0.0,0.0,0.0,3.3160025355989236,1.0,0.0,0.0,0.0
537,1.0,30.0,1.0,0.0,0.0,0.0,0.0,4.676792929661059,0.0,1.0,0.0,0.0
538,0.0,26.0,0.0,0.0,0.0,0.0,0.0,2.740840023925201,0.0,0.0,0.0,0.0
539,1.0,22.0,1.0,0.0,2.0,0.0,1.0,3.9219733362813143,1.0,1.0,0.0,0.0
540,1.0,36.0,1.0,0.0,2.0,0.0,1.0,4.276666119016055,1.0,0.0,0.0,0.0
541,1.0,9.0,0.0,0.0,6.0,0.0,1.0,3.4742929367327062,0.0,0.0,0.0,0.0
542,1.0,11.0,0.0,0.0,6.0,0.0,1.0,3.4742929367327062,0.0,0.0,0.0,0.0
543,0.0,32.0,0.0,1.0,1.0,1.0,0.0,3.295836866004329,0.0,0.0,0.0,0.0
544,0.0,50.0,1.0,0.0,1.0,1.0,0.0,4.676792929661059,1.0,1.0,0.0,0.0
545,0.0,64.0,1.0,0.0,0.0,0.0,0.0,3.295836866004329,0.0,0.0,0.0,0.0
546,1.0,19.0,0.0,1.0,1.0,1.0,0.0,3.295836866004329,0.0,0.0,0.0,0.0
547,0.0,29.0,0.0,1.0,0.0,0.0,0.0,2.6988412620169004,0.0,1.0,0.0,0.0
548,0.0,33.0,0.0,0.0,2.0,0.0,1.0,3.0692150503137943,0.0,0.0,0.0,0.0
549,0.0,8.0,0.0,1.0,2.0,0.0,1.0,3.6309854756950335,0.0,0.0,0.0,0.0
550,0.0,17.0,1.0,0.0,2.0,0.0,1.0,4.717456363787216,1.0,1.0,0.0,0.0
551,0.0,27.0,0.0,1.0,0.0,0.0,0.0,3.295836866004329,0.0,0.0,0.0,0.0
552,0.0,26.0,0.0,0.0,0.0,0.0,0.0,2.17806441028492,0.0,0.0,1.0,0.0
553,0.0,22.0,0.0,0.0,0.0,0.0,0.0,2.1071782966514356,0.0,1.0,0.0,0.0
554,1.0,22.0,0.0,0.0,0.0,0.0,0.0,2.1719067693519296,0.0,0.0,0.0,0.0
555,0.0,62.0,1.0,0.0,0.0,0.0,0.0,3.3160025355989236,0.0,0.0,0.0,0.0
556,1.0,48.0,1.0,0.0,1.0,1.0,0.0,3.703768066607687,1.0,1.0,0.0,0.0
557,0.0,30.0,1.0,0.0,0.0,0.0,0.0,5.4316456135398825,0.0,1.0,0.0,0.0
558,1.0,39.0,1.0,0.0,2.0,0.0,1.0,4.390118804571218,1.0,0.0,0.0,0.0
559,1.0,36.0,0.0,0.0,1.0,1.0,0.0,2.91235066461494,0.0,0.0,0.0,0.0
560,0.0,26.0,0.0,0.0,0.0,0.0,0.0,2.169053700369523,0.0,0.0,1.0,0.0
561,0.0,40.0,0.0,0.0,0.0,0.0,0.0,2.1855792552411137,0.0,0.0,0.0,0.0
562,0.0,28.0,0.0,1.0,0.0,0.0,0.0,2.6741486494265287,0.0,0.0,0.0,0.0
563,0.0,26.0,0.0,0.0,0.0,0.0,0.0,2.2027647577118348,0.0,0.0,0.0,0.0
564,1.0,23.5,0.0,0.0,0.0,0.0,0.0,2.2027647577118348,0.0,0.0,0.0,0.0
565,0.0,24.0,0.0,0.0,2.0,0.0,1.0,3.224857896545748,0.0,0.0,0.0,0.0
566,0.0,19.0,0.0,0.0,0.0,0.0,0.0,2.1855792552411137,0.0,0.0,0.0,0.0
567,1.0,29.0,0.0,0.0,4.0,0.0,1.0,3.0944457464900235,0.0,0.0,0.0,0.0
568,0.0,30.0,0.0,0.0,0.0,0.0,0.0,2.1076888046179385,0.0,1.0,0.0,0.0
569,0.0,32.0,0.0,0.0,0.0,0.0,0.0,2.180891922715322,0.0,0.0,0.0,0.0
570,0.0,62.0,0.0,1.0,0.0,0.0,0.0,2.4423470353692043,0.0,0.0,0.0,0.0
571,1.0,53.0,1.0,0.0,2.0,0.0,1.0,3.960416900617205,1.0,0.0,0.0,0.0
572,0.0,36.0,1.0,0.0,0.0,0.0,0.0,3.3100867049215847,1.0,0.0,0.0,0.0
573,1.0,22.0,0.0,0.0,0.0,0.0,0.0,2.169053700369523,0.0,0.0,1.0,0.0
574,0.0,16.0,0.0,0.0,0.0,0.0,0.0,2.2027647577118348,0.0,0.0,0.0,0.0
575,0.0,19.0,0.0,0.0,0.0,0.0,0.0,2.740840023925201,0.0,0.0,0.0,0.0
576,1.0,34.0,0.0,1.0,0.0,0.0,0.0,2.6390573296152584,0.0,0.0,0.0,0.0
577,1.0,39.0,1.0,0.0,1.0,1.0,0.0,4.041295341132285,1.0,0.0,0.0,0.0
578,1.0,18.0,0.0,0.0,1.0,1.0,0.0,2.738146075922933,0.0,1.0,0.0,0.0
579,0.0,32.0,0.0,0.0,0.0,0.0,0.0,2.188856327665703,0.0,0.0,0.0,0.0
580,1.0,25.0,0.0,1.0,2.0,0.0,1.0,3.4339872044851463,0.0,0.0,0.0,0.0
581,1.0,39.0,1.0,0.0,2.0,0.0,1.0,4.717456363787216,1.0,1.0,0.0,0.0
582,0.0,54.0,0.0,1.0,0.0,0.0,0.0,3.295836866004329,0.0,0.0,0.0,0.0
583,0.0,36.0,1.0,0.0,0.0,0.0,0.0,3.716616209085536,1.0,1.0,0.0,0.0
584,0.0,30.0,0.0,0.0,0.0,0.0,0.0,2.2734137156937657,0.0,1.0,0.0,0.0
585,1.0,18.0,1.0,0.0,2.0,0.0,1.0,4.390118804571218,1.0,0.0,0.0,0.0
586,0.0,47.0,0.0,1.0,0.0,0.0,0.0,2.772588722239781,0.0,0.0,0.0,0.0
587,0.0,60.0,1.0,0.0,2.0,0.0,1.0,4.384523514872469,1.0,1.0,0.0,0.0
588,0.0,22.0,0.0,0.0,0.0,0.0,0.0,2.2027647577118348,0.0,0.0,0.0,0.0
589,0.0,26.0,0.0,0.0,0.0,0.0,0.0,2.2027647577118348,0.0,0.0,0.0,0.0
590,0.0,35.0,0.0,0.0,0.0,0.0,0.0,2.094945728215801,0.0,0.0,0.0,0.0
591,1.0,52.0,1.0,0.0,1.0,1.0,0.0,4.37281811610993,1.0,1.0,0.0,0.0
592,0.0,47.0,0.0,0.0,0.0,0.0,0.0,2.1102132003465894,0.0,0.0,0.0,0.0
593,1.0,24.0,0.0,0.0,2.0,0.0,1.0,2.169053700369523,0.0,0.0,1.0,0.0
594,0.0,37.0,0.0,1.0,1.0,1.0,0.0,3.295836866004329,0.0,0.0,0.0,0.0
595,0.0,36.0,0.0,0.0,2.0,0.0,1.0,3.224857896545748,0.0,0.0,0.0,0.0
596,1.0,32.5,0.0,1.0,0.0,0.0,0.0,3.5263605246161616,0.0,0.0,0.0,0.0
597,0.0,49.0,0.0,0.0,0.0,0.0,0.0,0.0,0.0,0.0,0.0,0.0
598,0.0,30.0,0.0,0.0,0.0,0.0,0.0,2.1071782966514356,0.0,1.0,0.0,0.0
599,0.0,49.0,1.0,0.0,1.0,1.0,0.0,4.0592215752427645,1.0,1.0,0.0,0.0
600,1.0,24.0,0.0,1.0,3.0,0.0,1.0,3.332204510175204,0.0,0.0,0.0,0.0
601,0.0,26.0,0.0,0.0,0.0,0.0,0.0,2.1855792552411137,0.0,0.0,0.0,0.0
602,0.0,45.25,1.0,0.0,0.0,0.0,0.0,3.770459441106359,0.0,0.0,0.0,0.0
603,0.0,44.0,0.0,0.0,0.0,0.0,0.0,2.2027647577118348,0.0,0.0,0.0,0.0
604,0.0,35.0,1.0,0.0,0.0,0.0,0.0,3.3160025355989236,0.0,1.0,0.0,0.0
605,0.0,36.0,0.0,0.0,1.0,1.0,0.0,2.806386101823072,0.0,0.0,0.0,0.0
606,0.0,30.0,0.0,0.0,0.0,0.0,0.0,2.1855792552411137,0.0,0.0,0.0,0.0
607,0.0,27.0,1.0,0.0,0.0,0.0,0.0,3.449987545831587,0.0,0.0,0.0,0.0
608,1.0,22.0,0.0,1.0,3.0,0.0,1.0,3.751365871125377,0.0,1.0,0.0,0.0
609,1.0,40.0,1.0,0.0,0.0,0.0,0.0,5.039951348430309,1.0,0.0,0.0,0.0
610,1.0,39.0,0.0,0.0,6.0,0.0,1.0,3.4742929367327062,0.0,0.0,0.0,0.0
611,0.0,26.0,0.0,0.0,0.0,0.0,0.0,2.085672091430472,0.0,0.0,0.0,0.0
612,1.0,18.0,0.0,0.0,1.0,1.0,0.0,2.803360380906535,0.0,0.0,1.0,0.0
613,0.0,26.0,0.0,0.0,0.0,0.0,0.0,2.169053700369523,0.0,0.0,1.0,0.0
614,0.0,35.0,0.0,0.0,0.0,0.0,0.0,2.2027647577118348,0.0,0.0,0.0,0.0
615,1.0,24.0,0.0,1.0,3.0,0.0,1.0,4.189654742026425,0.0,0.0,0.0,0.0
616,0.0,34.0,0.0,0.0,2.0,0.0,1.0,2.7343675094195836,0.0,0.0,0.0,0.0
617,1.0,26.0,0.0,0.0,1.0,1.0,0.0,2.8390784635086144,0.0,0.0,0.0,0.0
618,1.0,4.0,0.0,1.0,3.0,0.0,1.0,3.688879454113936,1.0,0.0,0.0,0.0
619,0.0,26.0,0.0,1.0,0.0,0.0,0.0,2.4423470353692043,0.0,0.0,0.0,0.0
620,0.0,27.0,0.0,0.0,1.0,1.0,0.0,2.737880811060884,0.0,1.0,0.0,0.0
621,0.0,42.0,1.0,0.0,1.0,1.0,0.0,3.980694225190728,1.0,0.0,0.0,0.0
622,0.0,20.0,0.0,0.0,2.0,0.0,1.0,2.817902613071225,0.0,1.0,0.0,0.0
623,0.0,21.0,0.0,0.0,0.0,0.0,0.0,2.180891922715322,0.0,0.0,0.0,0.0
624,0.0,21.0,0.0,0.0,0.0,0.0,0.0,2.8390784635086144,0.0,0.0,0.0,0.0
625,0.0,61.0,1.0,0.0,0.0,0.0,0.0,3.5061818266142577,1.0,0.0,0.0,0.0
626,0.0,57.0,0.0,1.0,0.0,0.0,0.0,2.5915163848462583,0.0,0.0,1.0,0.0
627,1.0,21.0,1.0,0.0,0.0,0.0,0.0,4.368919865004903,1.0,0.0,0.0,0.0
628,0.0,26.0,0.0,0.0,0.0,0.0,0.0,2.1855792552411137,0.0,0.0,0.0,0.0
629,0.0,26.0,0.0,0.0,0.0,0.0,0.0,2.167143305297764,0.0,0.0,1.0,0.0
630,0.0,80.0,1.0,0.0,0.0,0.0,0.0,3.4339872044851463,1.0,0.0,0.0,0.0
631,0.0,51.0,0.0,0.0,0.0,0.0,0.0,2.086193694502369,0.0,0.0,0.0,0.0
632,0.0,32.0,1.0,0.0,0.0,0.0,0.0,3.449987545831587,1.0,1.0,0.0,0.0
633,0.0,26.0,1.0,0.0,0.0,0.0,0.0,0.0,0.0,0.0,0.0,0.0
634,1.0,9.0,0.0,0.0,5.0,0.0,1.0,3.3638415951183864,0.0,0.0,0.0,0.0
635,1.0,28.0,0.0,1.0,0.0,0.0,0.0,2.6390573296152584,0.0,0.0,0.0,0.0
636,0.0,32.0,0.0,0.0,0.0,0.0,0.0,2.188856327665703,0.0,0.0,0.0,0.0
637,0.0,31.0,0.0,1.0,2.0,0.0,1.0,3.305053521109253,0.0,0.0,0.0,0.0
638,1.0,41.0,0.0,0.0,5.0,0.0,1.0,3.705920919968788,0.0,0.0,0.0,0.0
639,0.0,25.5,0.0,0.0,1.0,1.0,0.0,2.8390784635086144,0.0,0.0,0.0,0.0
640,0.0,20.0,0.0,0.0,0.0,0.0,0.0,2.180891922715322,0.0,0.0,0.0,0.0
641,1.0,24.0,1.0,0.0,0.0,0.0,0.0,4.252771798816619,1.0,1.0,0.0,0.0
642,1.0,2.0,0.0,0.0,5.0,0.0,1.0,3.3638415951183864,0.0,0.0,0.0,0.0
643,0.0,45.25,0.0,0.0,0.0,0.0,0.0,4.05171190165724,0.0,0.0,0.0,0.0
644,1.0,24.0,0.0,0.0,3.0,0.0,1.0,3.0085645861193133,0.0,1.0,0.0,0.0
645,0.0,48.0,1.0,0.0,1.0,1.0,0.0,4.353230991152628,1.0,1.0,0.0,0.0
646,0.0,19.0,0.0,0.0,0.0,0.0,0.0,2.1855792552411137,0.0,0.0,0.0,0.0
647,0.0,56.0,1.0,0.0,0.0,0.0,0.0,3.597312260588446,1.0,1.0,0.0,0.0
648,0.0,26.0,0.0,0.0,0.0,0.0,0.0,2.145931282948669,0.0,0.0,0.0,0.0
649,1.0,23.0,0.0,0.0,0.0,0.0,0.0,2.145931282948669,0.0,0.0,0.0,0.0
650,0.0,26.0,0.0,0.0,0.0,0.0,0.0,2.1855792552411137,0.0,0.0,0.0,0.0
651,1.0,18.0,0.0,1.0,1.0,1.0,0.0,3.1780538303479458,0.0,0.0,0.0,0.0
652,0.0,21.0,0.0,0.0,0.0,0.0,0.0,2.244245982405934,0.0,0.0,0.0,0.0
653,1.0,22.0,0.0,0.0,0.0,0.0,0.0,2.17806441028492,0.0,0.0,1.0,0.0
654,1.0,18.0,0.0,0.0,0.0,0.0,0.0,2.0476928433652555,0.0,0.0,1.0,0.0
655,0.0,24.0,0.0,1.0,2.0,0.0,1.0,4.310799125385514,0.0,0.0,0.0,0.0
656,0.0,26.0,0.0,0.0,0.0,0.0,0.0,2.1855792552411137,0.0,0.0,0.0,0.0
657,1.0,32.0,0.0,0.0,2.0,0.0,1.0,2.803360380906535,0.0,0.0,1.0,0.0
658,0.0,23.0,0.0,1.0,0.0,0.0,0.0,2.6390573296152584,0.0,0.0,0.0,0.0
659,0.0,58.0,1.0,0.0,2.0,0.0,1.0,4.738607824217808,1.0,1.0,0.0,0.0
660,0.0,50.0,1.0,0.0,2.0,0.0,1.0,4.902678819257608,0.0,0.0,0.0,0.0
661,0.0,40.0,0.0,0.0,0.0,0.0,0.0,2.1071782966514356,0.0,1.0,0.0,0.0
662,0.0,47.0,1.0,0.0,0.0,0.0,0.0,3.2804411805263554,1.0,0.0,0.0,0.0
663,0.0,36.0,0.0,0.0,0.0,0.0,0.0,2.139571923732859,0.0,0.0,0.0,0.0
664,0.0,20.0,0.0,0.0,1.0,1.0,0.0,2.188856327665703,0.0,0.0,0.0,0.0
665,0.0,32.0,0.0,1.0,2.0,0.0,1.0,4.310799125385514,0.0,0.0,0.0,0.0
666,0.0,25.0,0.0,1.0,0.0,0.0,0.0,2.6390573296152584,0.0,0.0,0.0,0.0
667,0.0,26.0,0.0,0.0,0.0,0.0,0.0,2.1719067693519296,0.0,0.0,0.0,0.0
668,0.0,43.0,0.0,0.0,0.0,0.0,0.0,2.2027647577118348,0.0,0.0,0.0,0.0
669,1.0,35.0,1.0,0.0,1.0,1.0,0.0,3.970291913552122,1.0,0.0,0.0,0.0
670,1.0,40.0,0.0,1.0,2.0,0.0,1.0,3.688879454113936,0.0,0.0,0.0,0.0
671,0.0,31.0,1.0,0.0,1.0,1.0,0.0,3.970291913552122,1.0,0.0,0.0,0.0
672,0.0,70.0,0.0,1.0,0.0,0.0,0.0,2.4423470353692043,0.0,0.0,0.0,0.0
673,0.0,31.0,0.0,1.0,0.0,0.0,0.0,2.6390573296152584,0.0,0.0,0.0,0.0
674,0.0,26.0,0.0,1.0,0.0,0.0,0.0,0.0,0.0,0.0,0.0,0.0
675,0.0,18.0,0.0,0.0,0.0,0.0,0.0,2.1719067693519296,0.0,0.0,0.0,0.0
676,0.0,24.5,0.0,0.0,0.0,0.0,0.0,2.2027647577118348,0.0,0.0,0.0,0.0
677,1.0,18.0,0.0,0.0,0.0,0.0,0.0,2.3833998102837652,0.0,0.0,0.0,0.0
678,1.0,43.0,0.0,0.0,7.0,0.0,1.0,3.8691155044168695,0.0,0.0,0.0,0.0
679,0.0,36.0,1.0,0.0,1.0,1.0,0.0,6.240917354759096,1.0,1.0,0.0,0.0
680,1.0,23.5,0.0,0.0,0.0,0.0,0.0,2.212386825075897,0.0,0.0,1.0,0.0
681,0.0,27.0,1.0,0.0,0.0,0.0,0.0,4.353230991152628,1.0,1.0,0.0,0.0
682,0.0,20.0,0.0,0.0,0.0,0.0,0.0,2.3248357019288655,0.0,0.0,0.0,0.0
683,0.0,14.0,0.0,0.0,7.0,0.0,1.0,3.8691155044168695,0.0,0.0,0.0,0.0
684,0.0,60.0,0.0,1.0,2.0,0.0,1.0,3.688879454113936,0.0,0.0,0.0,0.0
685,0.0,25.0,0.0,1.0,3.0,0.0,1.0,3.751365871125377,0.0,1.0,0.0,0.0
686,0.0,14.0,0.0,0.0,5.0,0.0,1.0,3.705920919968788,0.0,0.0,0.0,0.0
687,0.0,19.0,0.0,0.0,0.0,0.0,0.0,2.4133032309283076,0.0,0.0,0.0,0.0
688,0.0,18.0,0.0,0.0,0.0,0.0,0.0,2.174274334826008,0.0,0.0,0.0,0.0
689,1.0,15.0,1.0,0.0,1.0,1.0,0.0,5.35817698994543,1.0,0.0,0.0,0.0
690,0.0,31.0,1.0,0.0,1.0,1.0,0.0,4.060443010546419,1.0,0.0,0.0,0.0
691,1.0,4.0,0.0,0.0,1.0,1.0,0.0,2.668387256845834,0.0,1.0,0.0,0.0
692,0.0,45.25,0.0,0.0,0.0,0.0,0.0,4.05171190165724,0.0,0.0,0.0,0.0
693,0.0,25.0,0.0,0.0,0.0,0.0,0.0,2.1071782966514356,0.0,1.0,0.0,0.0
694,0.0,60.0,1.0,0.0,0.0,0.0,0.0,3.3160025355989236,0.0,0.0,0.0,0.0
695,0.0,52.0,0.0,1.0,0.0,0.0,0.0,2.6741486494265287,0.0,0.0,0.0,0.0
696,0.0,44.0,0.0,0.0,0.0,0.0,0.0,2.2027647577118348,0.0,0.0,0.0,0.0
697,1.0,22.0,0.0,0.0,0.0,0.0,0.0,2.167143305297764,0.0,0.0,1.0,0.0
698,0.0,49.0,1.0,0.0,2.0,0.0,1.0,4.717456363787216,1.0,1.0,0.0,0.0
699,0.0,42.0,0.0,0.0,0.0,0.0,0.0,2.157559320943788,1.0,0.0,0.0,0.0
700,1.0,18.0,1.0,0.0,1.0,1.0,0.0,5.4316456135398825,1.0,1.0,0.0,0.0
701,0.0,35.0,1.0,0.0,0.0,0.0,0.0,3.3064287218760624,1.0,0.0,0.0,0.0
702,1.0,18.0,0.0,0.0,1.0,1.0,0.0,2.737880811060884,0.0,1.0,0.0,0.0
703,0.0,25.0,0.0,0.0,0.0,0.0,0.0,2.1681046787623672,0.0,0.0,1.0,0.0
704,0.0,26.0,0.0,0.0,1.0,1.0,0.0,2.180891922715322,0.0,0.0,0.0,0.0
705,0.0,39.0,0.0,1.0,0.0,0.0,0.0,3.295836866004329,0.0,0.0,0.0,0.0
706,1.0,45.0,0.0,1.0,0.0,0.0,0.0,2.6741486494265287,0.0,0.0,0.0,0.0
707,0.0,42.0,1.0,0.0,0.0,0.0,0.0,3.3064287218760624,1.0,0.0,0.0,0.0
708,1.0,22.0,1.0,0.0,0.0,0.0,0.0,5.027492411162679,0.0,0.0,0.0,0.0
709,0.0,24.0,0.0,0.0,2.0,0.0,1.0,2.7878344138303452,0.0,1.0,0.0,0.0
710,1.0,24.0,1.0,0.0,0.0,0.0,0.0,3.922056501139853,1.0,1.0,0.0,0.0
711,0.0,45.25,1.0,0.0,0.0,0.0,0.0,3.3160025355989236,1.0,0.0,0.0,0.0
712,0.0,48.0,1.0,0.0,1.0,1.0,0.0,3.970291913552122,1.0,0.0,0.0,0.0
713,0.0,29.0,0.0,0.0,0.0,0.0,0.0,2.3497835148230464,0.0,0.0,0.0,0.0
714,0.0,52.0,0.0,1.0,0.0,0.0,0.0,2.6390573296152584,0.0,0.0,0.0,0.0
715,0.0,19.0,0.0,0.0,0.0,0.0,0.0,2.157559320943788,1.0,0.0,0.0,0.0
716,1.0,38.0,1.0,0.0,0.0,0.0,0.0,5.4316456135398825,1.0,1.0,0.0,0.0
717,1.0,27.0,0.0,1.0,0.0,0.0,0.0,2.4423470353692043,1.0,0.0,0.0,0.0
718,0.0,26.0,0.0,0.0,0.0,0.0,0.0,2.803360380906535,0.0,0.0,1.0,0.0
719,0.0,33.0,0.0,0.0,0.0,0.0,0.0,2.1719067693519296,0.0,0.0,0.0,0.0
720,1.0,6.0,0.0,1.0,1.0,1.0,0.0,3.5263605246161616,0.0,0.0,0.0,0.0
721,0.0,17.0,0.0,0.0,1.0,1.0,0.0,2.086193694502369,0.0,0.0,0.0,0.0
722,0.0,34.0,0.0,1.0,0.0,0.0,0.0,2.6390573296152584,0.0,0.0,0.0,0.0
723,0.0,50.0,0.0,1.0,0.0,0.0,0.0,2.6390573296152584,0.0,0.0,0.0,0.0
724,0.0,27.0,1.0,0.0,1.0,1.0,0.0,3.990834185852436,1.0,0.0,0.0,0.0
725,0.0,20.0,0.0,0.0,0.0,0.0,0.0,2.2682524139135403,0.0,0.0,0.0,0.0
726,1.0,30.0,0.0,1.0,3.0,0.0,1.0,3.091042453358316,0.0,0.0,0.0,0.0
727,1.0,22.0,0.0,0.0,0.0,0.0,0.0,2.1676241075599285,0.0,0.0,1.0,0.0
728,0.0,25.0,0.0,1.0,1.0,1.0,0.0,3.295836866004329,0.0,0.0,0.0,0.0
729,1.0,25.0,0.0,0.0,1.0,1.0,0.0,2.188856327665703,0.0,0.0,0.0,0.0
730,1.0,29.0,1.0,0.0,0.0,0.0,0.0,5.35817698994543,1.0,0.0,0.0,0.0
731,0.0,11.0,0.0,0.0,0.0,0.0,0.0,2.9850504252071306,0.0,1.0,0.0,0.0
732,0.0,26.0,0.0,1.0,0.0,0.0,0.0,0.0,0.0,0.0,0.0,0.0
733,0.0,23.0,0.0,1.0,0.0,0.0,0.0,2.6390573296152584,0.0,0.0,0.0,0.0
734,0.0,23.0,0.0,1.0,0.0,0.0,0.0,2.6390573296152584,0.0,0.0,0.0,0.0
735,0.0,28.5,0.0,0.0,0.0,0.0,0.0,2.8390784635086144,0.0,0.0,0.0,0.0
736,1.0,48.0,0.0,0.0,4.0,0.0,1.0,3.5660053559634015,0.0,0.0,0.0,0.0
737,0.0,35.0,1.0,0.0,0.0,0.0,0.0,6.240917354759096,1.0,1.0,0.0,0.0
738,0.0,26.0,0.0,0.0,0.0,0.0,0.0,2.1855792552411137,0.0,0.0,0.0,0.0
739,0.0,26.0,0.0,0.0,0.0,0.0,0.0,2.1855792552411137,0.0,0.0,0.0,0.0
740,0.0,45.25,1.0,0.0,0.0,0.0,0.0,3.4339872044851463,1.0,0.0,0.0,0.0
741,0.0,36.0,1.0,0.0,1.0,1.0,0.0,4.380149874661021,1.0,0.0,0.0,0.0
742,1.0,21.0,1.0,0.0,4.0,0.0,1.0,5.5735788721243535,1.0,1.0,0.0,0.0
743,0.0,24.0,0.0,0.0,1.0,1.0,0.0,2.8390784635086144,0.0,0.0,0.0,0.0
744,0.0,31.0,0.0,0.0,0.0,0.0,0.0,2.188856327665703,0.0,0.0,0.0,0.0
745,0.0,70.0,1.0,0.0,2.0,0.0,1.0,4.276666119016055,1.0,0.0,0.0,0.0
746,0.0,16.0,0.0,0.0,2.0,0.0,1.0,3.056356895370426,0.0,0.0,0.0,0.0
747,1.0,30.0,0.0,1.0,0.0,0.0,0.0,2.6390573296152584,0.0,0.0,0.0,0.0
748,0.0,19.0,1.0,0.0,1.0,1.0,0.0,3.990834185852436,1.0,0.0,0.0,0.0
749,0.0,31.0,0.0,0.0,0.0,0.0,0.0,2.169053700369523,0.0,0.0,1.0,0.0
750,1.0,4.0,0.0,1.0,2.0,0.0,1.0,3.1780538303479458,0.0,0.0,0.0,0.0
751,0.0,6.0,0.0,0.0,1.0,1.0,0.0,2.600836116795061,1.0,0.0,0.0,0.0
752,0.0,33.0,0.0,0.0,0.0,0.0,0.0,2.3513752571634776,0.0,0.0,0.0,0.0
753,0.0,23.0,0.0,0.0,0.0,0.0,0.0,2.1855792552411137,0.0,0.0,0.0,0.0
754,1.0,48.0,0.0,1.0,3.0,0.0,1.0,4.189654742026425,0.0,0.0,0.0,0.0
755,0.0,24.0,0.0,1.0,2.0,0.0,1.0,2.740840023925201,0.0,0.0,0.0,0.0
756,0.0,28.0,0.0,0.0,0.0,0.0,0.0,2.174274334826008,0.0,0.0,0.0,0.0
757,0.0,18.0,0.0,1.0,0.0,0.0,0.0,2.5257286443082556,0.0,0.0,0.0,0.0
758,0.0,34.0,0.0,0.0,0.0,0.0,0.0,2.2027647577118348,0.0,0.0,0.0,0.0
759,1.0,33.0,1.0,0.0,0.0,0.0,0.0,4.471638793363569,1.0,0.0,0.0,0.0
760,0.0,26.0,0.0,0.0,0.0,0.0,0.0,2.740840023925201,0.0,0.0,0.0,0.0
761,0.0,41.0,0.0,0.0,0.0,0.0,0.0,2.094945728215801,0.0,0.0,0.0,0.0
762,0.0,20.0,0.0,0.0,0.0,0.0,0.0,2.1076888046179385,0.0,1.0,0.0,0.0
763,1.0,36.0,1.0,0.0,3.0,0.0,1.0,4.795790545596741,1.0,0.0,0.0,0.0
764,0.0,16.0,0.0,0.0,0.0,0.0,0.0,2.1719067693519296,0.0,0.0,0.0,0.0
765,1.0,51.0,1.0,0.0,1.0,1.0,0.0,4.368919865004903,1.0,0.0,0.0,0.0
766,0.0,45.25,1.0,0.0,0.0,0.0,0.0,3.703768066607687,0.0,1.0,0.0,0.0
767,1.0,30.5,0.0,0.0,0.0,0.0,0.0,2.169053700369523,0.0,0.0,1.0,0.0
768,0.0,25.5,0.0,0.0,1.0,1.0,0.0,3.224857896545748,0.0,0.0,1.0,0.0
769,0.0,32.0,0.0,0.0,0.0,0.0,0.0,2.236712348843338,0.0,0.0,0.0,0.0
770,0.0,24.0,0.0,0.0,0.0,0.0,0.0,2.3513752571634776,0.0,0.0,0.0,0.0
771,0.0,48.0,0.0,0.0,0.0,0.0,0.0,2.180891922715322,0.0,0.0,0.0,0.0
772,1.0,57.0,0.0,1.0,0.0,0.0,0.0,2.4423470353692043,1.0,0.0,0.0,0.0
773,0.0,30.0,0.0,0.0,0.0,0.0,0.0,2.1071782966514356,0.0,1.0,0.0,0.0
774,1.0,54.0,0.0,1.0,4.0,0.0,1.0,3.1780538303479458,0.0,0.0,0.0,0.0
775,0.0,18.0,0.0,0.0,0.0,0.0,0.0,2.169053700369523,0.0,0.0,0.0,0.0
776,0.0,26.0,0.0,0.0,0.0,0.0,0.0,2.169053700369523,1.0,0.0,1.0,0.0
777,1.0,5.0,0.0,0.0,0.0,0.0,0.0,2.600836116795061,0.0,0.0,0.0,0.0
778,0.0,26.0,0.0,0.0,0.0,0.0,0.0,2.1676241075599285,0.0,0.0,1.0,0.0
779,1.0,43.0,1.0,0.0,1.0,1.0,0.0,5.35817698994543,1.0,0.0,0.0,0.0
780,1.0,13.0,0.0,0.0,0.0,0.0,0.0,2.1076888046179385,0.0,1.0,0.0,0.0
781,1.0,17.0,1.0,0.0,1.0,1.0,0.0,4.060443010546419,1.0,0.0,0.0,0.0
782,0.0,29.0,1.0,0.0,0.0,0.0,0.0,3.4339872044851463,1.0,0.0,0.0,0.0
783,0.0,24.0,0.0,0.0,3.0,0.0,1.0,3.196630215920881,0.0,0.0,0.0,0.0
784,0.0,25.0,0.0,0.0,0.0,0.0,0.0,2.085672091430472,0.0,0.0,0.0,0.0
785,0.0,25.0,0.0,0.0,0.0,0.0,0.0,2.1102132003465894,0.0,0.0,0.0,0.0
786,1.0,18.0,0.0,0.0,0.0,0.0,0.0,2.139571923732859,0.0,0.0,0.0,0.0
787,0.0,8.0,0.0,0.0,5.0,0.0,1.0,3.405355391810819,0.0,0.0,1.0,0.0
788,0.0,1.0,0.0,0.0,3.0,0.0,1.0,3.0715352369694915,0.0,0.0,0.0,0.0
789,0.0,46.0,1.0,0.0,0.0,0.0,0.0,4.384523514872469,1.0,1.0,0.0,0.0
790,0.0,26.0,0.0,0.0,0.0,0.0,0.0,2.169053700369523,0.0,0.0,1.0,0.0
791,0.0,16.0,0.0,1.0,0.0,0.0,0.0,3.295836866004329,0.0,0.0,0.0,0.0
792,1.0,10.0,0.0,0.0,10.0,0.0,1.0,4.256321678298823,0.0,0.0,0.0,0.0
793,0.0,45.25,1.0,0.0,0.0,0.0,0.0,3.4561841799918147,0.0,1.0,0.0,0.0
794,0.0,25.0,0.0,0.0,0.0,0.0,0.0,2.1855792552411137,0.0,0.0,0.0,0.0
795,0.0,39.0,0.0,1.0,0.0,0.0,0.0,2.6390573296152584,0.0,0.0,0.0,0.0
796,1.0,49.0,1.0,0.0,0.0,0.0,0.0,3.2932111997353943,1.0,0.0,0.0,0.0
797,1.0,31.0,0.0,0.0,0.0,0.0,0.0,2.270402752283094,0.0,0.0,0.0,0.0
798,0.0,30.0,0.0,0.0,0.0,0.0,0.0,2.1076888046179385,0.0,1.0,0.0,0.0
799,1.0,30.0,0.0,0.0,2.0,0.0,1.0,3.224857896545748,0.0,0.0,0.0,0.0
800,0.0,34.0,0.0,1.0,0.0,0.0,0.0,2.6390573296152584,0.0,0.0,0.0,0.0
801,1.0,31.0,0.0,1.0,2.0,0.0,1.0,3.305053521109253,0.0,0.0,0.0,0.0
802,0.0,11.0,1.0,0.0,3.0,0.0,1.0,4.795790545596741,1.0,0.0,0.0,0.0
803,0.0,18.0,0.0,0.0,1.0,1.0,0.0,2.2530481500547457,0.0,1.0,0.0,0.0
804,0.0,27.0,0.0,0.0,0.0,0.0,0.0,2.076311648670908,0.0,0.0,0.0,0.0
805,0.0,31.0,0.0,0.0,0.0,0.0,0.0,2.1719067693519296,0.0,0.0,0.0,0.0
806,0.0,39.0,1.0,0.0,0.0,0.0,0.0,0.0,1.0,0.0,0.0,0.0
807,1.0,18.0,0.0,0.0,0.0,0.0,0.0,2.1719067693519296,0.0,0.0,0.0,0.0
808,0.0,39.0,0.0,1.0,0.0,0.0,0.0,2.6390573296152584,0.0,0.0,0.0,0.0
809,1.0,33.0,1.0,0.0,1.0,1.0,0.0,3.990834185852436,1.0,0.0,0.0,0.0
810,0.0,26.0,0.0,0.0,0.0,0.0,0.0,2.1846457951293594,0.0,0.0,0.0,0.0
811,0.0,39.0,0.0,0.0,0.0,0.0,0.0,3.224857896545748,0.0,0.0,0.0,0.0
812,0.0,35.0,0.0,1.0,0.0,0.0,0.0,2.4423470353692043,0.0,0.0,0.0,0.0
813,1.0,6.0,0.0,0.0,6.0,0.0,1.0,3.4742929367327062,0.0,0.0,0.0,0.0
814,0.0,30.5,0.0,0.0,0.0,0.0,0.0,2.2027647577118348,0.0,0.0,0.0,0.0
815,0.0,26.0,1.0,0.0,0.0,0.0,0.0,0.0,1.0,0.0,0.0,0.0
816,1.0,23.0,0.0,0.0,0.0,0.0,0.0,2.188856327665703,0.0,0.0,0.0,0.0
817,0.0,31.0,0.0,1.0,2.0,0.0,1.0,3.637696679934592,0.0,1.0,0.0,0.0
818,0.0,43.0,0.0,0.0,0.0,0.0,0.0,2.0082140323914683,0.0,0.0,0.0,0.0
819,0.0,10.0,0.0,0.0,5.0,0.0,1.0,3.3638415951183864,0.0,0.0,0.0,0.0
820,1.0,52.0,1.0,0.0,2.0,0.0,1.0,4.548599834499697,1.0,0.0,0.0,0.0
821,0.0,27.0,0.0,0.0,0.0,0.0,0.0,2.2682524139135403,0.0,0.0,0.0,0.0
822,0.0,38.0,1.0,0.0,0.0,0.0,0.0,0.0,0.0,0.0,0.0,0.0
823,1.0,27.0,0.0,0.0,1.0,1.0,0.0,2.600836116795061,1.0,0.0,0.0,0.0
824,0.0,2.0,0.0,0.0,5.0,0.0,1.0,3.705920919968788,0.0,0.0,0.0,0.0
825,0.0,26.0,0.0,0.0,0.0,0.0,0.0,2.0731719286662407,0.0,0.0,1.0,0.0
826,0.0,45.25,0.0,0.0,0.0,0.0,0.0,4.05171190165724,0.0,0.0,0.0,0.0
827,0.0,1.0,0.0,1.0,2.0,0.0,1.0,3.637696679934592,0.0,1.0,0.0,0.0
828,0.0,29.0,0.0,0.0,0.0,0.0,0.0,2.169053700369523,0.0,0.0,1.0,0.0
829,1.0,62.0,1.0,0.0,0.0,0.0,0.0,4.394449154672439,1.0,0.0,0.0,1.0
830,1.0,15.0,0.0,0.0,1.0,1.0,0.0,2.737880811060884,0.0,1.0,0.0,0.0
831,0.0,24.0,0.0,1.0,2.0,0.0,1.0,2.9831534913471307,0.0,0.0,0.0,0.0
832,0.0,30.0,0.0,0.0,0.0,0.0,0.0,2.1076888046179385,0.0,1.0,0.0,0.0
833,0.0,23.0,0.0,0.0,0.0,0.0,0.0,2.180891922715322,0.0,0.0,0.0,0.0
834,0.0,18.0,0.0,0.0,0.0,0.0,0.0,2.2300144001592104,0.0,0.0,0.0,0.0
835,1.0,39.0,1.0,0.0,2.0,0.0,1.0,4.432699549165613,1.0,1.0,0.0,0.0
836,0.0,21.0,0.0,0.0,0.0,0.0,0.0,2.2682524139135403,0.0,0.0,0.0,0.0
837,0.0,26.0,0.0,0.0,0.0,0.0,0.0,2.2027647577118348,0.0,0.0,0.0,0.0
838,0.0,32.0,0.0,0.0,0.0,0.0,0.0,4.05171190165724,0.0,0.0,0.0,0.0
839,0.0,45.25,1.0,0.0,0.0,0.0,0.0,3.4242626545931514,1.0,1.0,0.0,0.0
840,0.0,20.0,0.0,0.0,0.0,0.0,0.0,2.188856327665703,0.0,0.0,0.0,0.0
841,0.0,16.0,0.0,1.0,0.0,0.0,0.0,2.4423470353692043,0.0,0.0,0.0,0.0
842,1.0,30.0,1.0,0.0,0.0,0.0,0.0,3.4657359027997265,0.0,1.0,0.0,0.0
843,0.0,34.5,0.0,0.0,0.0,0.0,0.0,2.006534770871748,0.0,1.0,0.0,0.0
844,0.0,17.0,0.0,0.0,0.0,0.0,0.0,2.2682524139135403,0.0,0.0,0.0,0.0
845,0.0,42.0,0.0,0.0,0.0,0.0,0.0,2.145931282948669,0.0,0.0,0.0,0.0
846,0.0,10.0,0.0,0.0,10.0,0.0,1.0,4.256321678298823,0.0,0.0,0.0,0.0
847,0.0,35.0,0.0,0.0,0.0,0.0,0.0,2.1855792552411137,0.0,1.0,0.0,0.0
848,0.0,28.0,0.0,1.0,1.0,1.0,0.0,3.5263605246161616,0.0,0.0,0.0,0.0
849,1.0,35.0,1.0,0.0,1.0,1.0,0.0,4.500966778400217,1.0,1.0,0.0,0.0
850,0.0,4.0,0.0,0.0,6.0,0.0,1.0,3.4742929367327062,0.0,0.0,0.0,0.0
851,0.0,74.0,0.0,0.0,0.0,0.0,0.0,2.1719067693519296,0.0,0.0,0.0,0.0
852,1.0,9.0,0.0,0.0,2.0,0.0,1.0,2.7878344138303452,0.0,1.0,0.0,0.0
853,1.0,16.0,1.0,0.0,1.0,1.0,0.0,3.698829784967105,1.0,0.0,0.0,0.0
854,1.0,44.0,0.0,1.0,1.0,1.0,0.0,3.295836866004329,0.0,0.0,0.0,0.0
855,1.0,18.0,0.0,0.0,1.0,1.0,0.0,2.336986519711378,0.0,0.0,0.0,0.0
856,1.0,45.0,1.0,0.0,2.0,0.0,1.0,5.11118445372147,0.0,0.0,0.0,0.0
857,0.0,51.0,1.0,0.0,0.0,0.0,0.0,3.3160025355989236,1.0,0.0,0.0,0.0
858,1.0,24.0,0.0,0.0,3.0,0.0,1.0,3.0085645861193133,0.0,1.0,0.0,0.0
859,0.0,30.0,0.0,0.0,0.0,0.0,0.0,2.1076888046179385,0.0,1.0,0.0,0.0
860,0.0,41.0,0.0,0.0,2.0,0.0,1.0,2.7152442616824506,0.0,0.0,0.0,0.0
861,0.0,21.0,0.0,1.0,1.0,1.0,0.0,2.5257286443082556,0.0,0.0,0.0,0.0
862,1.0,48.0,1.0,0.0,0.0,0.0,0.0,3.2932111997353943,1.0,0.0,0.0,0.0
863,1.0,10.0,0.0,0.0,10.0,0.0,1.0,4.256321678298823,0.0,0.0,0.0,0.0
864,0.0,24.0,0.0,1.0,0.0,0.0,0.0,2.6390573296152584,0.0,0.0,0.0,0.0
865,1.0,42.0,0.0,1.0,0.0,0.0,0.0,2.6390573296152584,0.0,0.0,0.0,0.0
866,1.0,27.0,0.0,1.0,1.0,1.0,0.0,2.698558631668595,0.0,1.0,0.0,0.0
867,0.0,31.0,1.0,0.0,0.0,0.0,0.0,3.941500250945973,1.0,0.0,0.0,0.0
868,0.0,26.0,0.0,0.0,0.0,0.0,0.0,2.3513752571634776,0.0,0.0,0.0,0.0
869,0.0,4.0,0.0,0.0,2.0,0.0,1.0,2.495953738718064,0.0,0.0,0.0,0.0
870,0.0,26.0,0.0,0.0,0.0,0.0,0.0,2.1855792552411137,0.0,0.0,0.0,0.0
871,1.0,47.0,1.0,0.0,2.0,0.0,1.0,3.980694225190728,1.0,0.0,0.0,0.0
872,0.0,33.0,1.0,0.0,0.0,0.0,0.0,1.791759469228055,1.0,0.0,0.0,0.0
873,0.0,47.0,0.0,0.0,0.0,0.0,0.0,2.302585092994046,0.0,0.0,0.0,0.0
874,1.0,28.0,0.0,1.0,1.0,1.0,0.0,3.218875824868201,0.0,1.0,0.0,0.0
875,1.0,15.0,0.0,0.0,0.0,0.0,0.0,2.1071782966514356,0.0,1.0,0.0,0.0
876,0.0,20.0,0.0,0.0,0.0,0.0,0.0,2.3837779082709782,0.0,0.0,0.0,0.0
877,0.0,19.0,0.0,0.0,0.0,0.0,0.0,2.1855792552411137,0.0,0.0,0.0,0.0
878,0.0,26.0,0.0,0.0,0.0,0.0,0.0,2.1855792552411137,0.0,0.0,0.0,0.0
879,1.0,56.0,1.0,0.0,1.0,1.0,0.0,4.432699549165613,1.0,1.0,0.0,0.0
880,1.0,25.0,0.0,1.0,1.0,1.0,0.0,3.295836866004329,0.0,0.0,0.0,0.0
881,0.0,33.0,0.0,0.0,0.0,0.0,0.0,2.1855792552411137,0.0,0.0,0.0,0.0
882,1.0,22.0,0.0,0.0,0.0,0.0,0.0,2.4437981558973862,0.0,0.0,0.0,0.0
883,0.0,28.0,0.0,1.0,0.0,0.0,0.0,2.4423470353692043,0.0,0.0,0.0,0.0
884,0.0,25.0,0.0,0.0,0.0,0.0,0.0,2.085672091430472,0.0,0.0,0.0,0.0
885,1.0,39.0,0.0,0.0,5.0,0.0,1.0,3.405355391810819,0.0,0.0,1.0,0.0
886,0.0,27.0,0.0,1.0,0.0,0.0,0.0,2.6390573296152584,0.0,0.0,0.0,0.0
887,1.0,19.0,1.0,0.0,0.0,0.0,0.0,3.4339872044851463,1.0,0.0,0.0,0.0
888,1.0,24.0,0.0,0.0,3.0,0.0,1.0,3.196630215920881,0.0,0.0,0.0,0.0
889,0.0,26.0,1.0,0.0,0.0,0.0,0.0,3.4339872044851463,1.0,1.0,0.0,0.0
890,0.0,32.0,0.0,0.0,0.0,0.0,0.0,2.169053700369523,0.0,0.0,1.0,0.0
